Rk,Player,Season,Age,Tm,Lg,G,MP,GS,PER,3PAr,FTr,ORB%,DRB%,TRB%,AST%,STL%,BLK%,TOV%,USG%,ORtg,DRtg,OWS,DWS,WS,WS/48,OBPM,DBPM,BPM,VORP
1,Bradley Beal\bealbr01,2018-19,25,WAS,NBA,82,3028,82,20.8,.370,.278,3.1,11.7,7.4,24.1,1.9,1.6,11.0,28.4,113,114,5.9,1.7,7.6,.120,3.8,-0.8,2.9,3.7
2,James Harden\hardeja01,2018-19,29,HOU,NBA,78,2867,78,30.6,.539,.449,2.5,17.8,10.0,39.5,2.7,1.7,14.5,40.5,118,108,11.4,3.8,15.2,.254,9.4,1.6,11.0,9.3
3,Kemba Walker\walkeke02,2018-19,28,CHO,NBA,82,2863,82,21.7,.434,.267,1.9,11.9,6.8,29.4,1.7,1.0,10.1,31.5,112,114,5.5,1.9,7.4,.123,5.2,-1.0,4.2,4.4
4,Tobias Harris\harrito02,2018-19,26,TOT,NBA,82,2847,82,17.2,.313,.245,2.6,20.8,12.0,12.5,0.8,1.0,9.8,22.8,114,111,4.5,2.6,7.1,.120,2.1,-0.5,1.6,2.6
5,Paul George\georgpa01,2018-19,28,OKC,NBA,77,2841,77,23.3,.469,.335,3.7,19.6,11.4,17.7,2.8,1.0,10.0,29.5,116,105,7.0,4.9,11.9,.201,5.6,1.6,7.2,6.6
6,Damian Lillard\lillada01,2018-19,28,POR,NBA,80,2838,80,23.7,.419,.335,2.6,11.1,7.0,30.6,1.5,1.0,10.8,29.3,121,112,9.7,2.4,12.1,.205,6.6,-0.3,6.4,6.0
7,P.J. Tucker\tuckepj01,2018-19,33,HOU,NBA,82,2802,82,9.2,.740,.113,4.7,14.4,9.5,4.6,2.3,1.2,10.3,9.5,114,110,2.0,3.0,5.0,.086,-1.6,1.0,-0.6,1.0
8,Kevin Durant\duranke01,2018-19,30,GSW,NBA,78,2702,78,24.2,.281,.366,1.4,17.5,9.8,26.2,1.0,2.6,12.3,29.0,121,110,8.6,2.9,11.5,.204,5.4,0.1,5.5,5.1
9,Ben Simmons\simmobe01,2018-19,22,PHI,NBA,79,2700,79,20.0,.006,.446,6.9,20.0,13.7,34.2,2.0,1.8,19.3,22.1,114,108,4.6,3.6,8.2,.146,2.2,1.3,3.6,3.8
10,DeMar DeRozan\derozde01,2018-19,29,SAS,NBA,77,2688,77,19.6,.034,.336,2.2,16.4,9.4,27.6,1.6,1.1,11.7,27.9,110,111,3.6,2.6,6.3,.112,1.0,0.1,1.1,2.2
11,LaMarcus Aldridge\aldrila01,2018-19,33,SAS,NBA,81,2687,81,22.9,.032,.312,10.3,19.8,15.1,11.6,0.8,3.4,8.8,26.9,117,110,6.4,2.9,9.3,.167,2.4,-0.6,1.8,2.6
12,Steven Adams\adamsst01,2018-19,25,OKC,NBA,80,2669,80,18.5,.002,.361,14.7,14.8,14.7,6.6,2.0,2.4,12.6,16.4,120,106,5.1,4.0,9.1,.163,0.7,0.4,1.1,2.1
13,Klay Thompson\thompkl01,2018-19,28,GSW,NBA,78,2652,78,16.6,.427,.113,1.6,10.1,6.0,10.5,1.5,1.5,7.2,25.6,110,112,2.9,2.3,5.3,.095,1.1,-1.4,-0.3,1.2
14,Andre Drummond\drumman01,2018-19,25,DET,NBA,79,2647,79,23.4,.036,.392,16.8,34.7,25.4,7.2,2.5,4.4,12.4,22.9,113,100,4.1,5.9,10.0,.181,1.3,0.8,2.1,2.7
15,Aaron Gordon\gordoaa01,2018-19,23,ORL,NBA,78,2633,78,15.1,.332,.242,5.2,18.4,11.7,16.6,1.1,1.8,12.3,21.8,107,109,1.8,3.3,5.1,.093,0.3,0.3,0.6,1.7
16,Russell Westbrook\westbru01,2018-19,30,OKC,NBA,73,2630,73,21.1,.279,.306,4.1,28.3,15.8,46.5,2.5,1.1,16.3,30.9,105,103,1.8,5.0,6.8,.124,2.8,2.4,5.2,4.7
17,Blake Griffin\griffbl01,2018-19,29,DET,NBA,75,2622,75,21.0,.389,.410,4.0,20.1,11.8,27.1,1.0,0.9,13.8,30.2,113,110,5.1,2.9,8.0,.147,4.9,0.2,5.1,4.7
18,Buddy Hield\hieldbu01,2018-19,26,SAC,NBA,82,2615,82,17.5,.479,.142,4.1,12.4,8.1,11.9,1.0,1.1,9.2,25.1,113,114,4.3,1.6,5.9,.108,3.5,-1.4,2.1,2.7
19,Jerami Grant\grantje01,2018-19,24,OKC,NBA,80,2612,77,13.8,.356,.269,3.7,13.1,8.2,4.2,1.1,3.2,6.8,15.4,119,108,4.0,3.3,7.3,.134,-0.4,0.6,0.2,1.5
20,Justin Holiday\holidju01,2018-19,29,TOT,NBA,82,2607,77,10.0,.598,.136,1.9,11.9,6.8,8.1,2.3,1.2,11.2,15.7,100,111,-0.4,2.5,2.1,.038,-2.3,0.5,-1.8,0.1
21,Collin Sexton\sextoco01,2018-19,20,CLE,NBA,82,2605,72,12.0,.245,.211,2.3,8.0,5.0,15.3,0.8,0.2,12.3,25.2,101,121,-0.1,-0.5,-0.6,-.011,-1.4,-3.3,-4.7,-1.8
22,Donovan Mitchell\mitchdo01,2018-19,22,UTA,NBA,77,2598,77,17.2,.339,.259,2.5,10.5,6.6,21.2,2.0,0.9,11.3,31.6,104,107,1.3,3.7,5.0,.092,1.2,0.1,1.3,2.2
23,Rudy Gobert\goberru01,2018-19,26,UTA,NBA,81,2577,80,24.6,.000,.733,13.2,30.2,21.9,9.6,1.2,5.8,12.1,17.8,133,100,8.7,5.7,14.4,.268,3.0,2.5,5.4,4.8
24,Bojan Bogdanović\bogdabo02,2018-19,29,IND,NBA,81,2573,81,16.1,.367,.290,1.5,12.7,7.2,9.5,1.3,0.0,10.2,22.4,114,110,3.9,2.8,6.8,.126,1.3,-0.6,0.7,1.7
25,Joe Ingles\inglejo01,2018-19,31,UTA,NBA,82,2568,82,13.4,.602,.153,1.5,12.2,7.0,26.1,1.8,0.6,18.4,17.5,110,107,2.5,3.6,6.0,.113,0.3,1.1,1.4,2.2
26,Evan Fournier\fournev01,2018-19,26,ORL,NBA,81,2553,81,12.3,.421,.159,1.6,9.4,5.4,17.6,1.4,0.4,11.9,22.1,104,111,0.8,2.5,3.2,.061,-1.8,-0.6,-2.4,-0.3
27,Pascal Siakam\siakapa01,2018-19,24,TOR,NBA,80,2548,79,18.7,.226,.320,5.4,17.5,11.6,14.6,1.4,1.7,12.5,20.8,120,107,5.7,3.6,9.3,.175,1.6,0.8,2.4,2.8
28,De'Aaron Fox\foxde01,2018-19,21,SAC,NBA,81,2546,81,18.1,.211,.378,1.7,10.8,6.2,33.2,2.4,1.5,15.0,24.5,110,111,3.2,2.5,5.6,.106,1.3,0.2,1.5,2.3
29,Karl-Anthony Towns\townska01,2018-19,23,MIN,NBA,77,2545,77,26.3,.270,.342,10.9,29.3,20.0,17.2,1.3,4.2,13.7,28.9,118,108,7.2,3.2,10.4,.197,5.4,0.6,6.0,5.1
30,Andrew Wiggins\wiggian01,2018-19,23,MIN,NBA,73,2543,73,12.4,.288,.245,3.5,11.4,7.4,10.9,1.3,1.6,9.3,24.4,100,115,-0.6,1.3,0.6,.012,-1.2,-1.8,-3.0,-0.6
31,Josh Richardson\richajo01,2018-19,25,MIA,NBA,73,2539,73,14.0,.448,.225,2.3,8.8,5.5,17.9,1.5,1.2,9.1,20.9,111,110,3.0,2.6,5.6,.106,0.1,0.2,0.3,1.5
32,Harrison Barnes\barneha02,2018-19,26,TOT,NBA,77,2533,77,12.8,.429,.271,2.4,12.7,7.5,6.7,0.9,0.4,7.9,20.9,108,114,2.0,1.6,3.6,.068,-0.2,-1.2,-1.4,0.4
33,Nikola Vučević\vucevni01,2018-19,28,ORL,NBA,80,2510,80,25.5,.171,.168,9.4,31.9,20.5,21.9,1.6,3.0,9.9,28.0,115,103,5.4,4.7,10.1,.193,5.0,1.7,6.6,5.5
34,Nikola Jokić\jokicni01,2018-19,23,DEN,NBA,80,2504,80,26.3,.224,.292,9.8,27.6,18.7,37.0,2.1,1.9,15.4,27.4,119,105,7.5,4.3,11.8,.226,6.2,2.9,9.1,7.0
35,Trae Young\youngtr01,2018-19,20,ATL,NBA,81,2503,81,17.0,.384,.330,2.6,10.2,6.3,40.5,1.3,0.5,17.6,28.4,107,117,2.5,0.7,3.3,.062,2.3,-2.8,-0.6,0.9
36,Thaddeus Young\youngth01,2018-19,30,IND,NBA,81,2489,81,16.2,.174,.161,8.7,14.4,11.7,12.0,2.4,1.3,12.0,18.0,113,106,3.0,3.9,6.9,.133,0.4,1.1,1.5,2.2
37,Jayson Tatum\tatumja01,2018-19,20,BOS,NBA,79,2455,79,15.1,.300,.220,3.0,17.7,10.4,10.0,1.6,2.1,9.7,22.1,107,107,1.6,3.4,5.0,.097,-0.4,0.2,-0.2,1.1
38,D'Angelo Russell\russeda01,2018-19,22,BRK,NBA,81,2448,81,19.4,.419,.135,2.3,11.2,6.8,41.3,1.9,0.6,13.6,31.9,107,110,2.4,2.6,5.0,.097,4.0,-0.6,3.4,3.4
39,Jamal Murray\murraja01,2018-19,21,DEN,NBA,75,2447,74,16.0,.353,.190,2.9,11.2,7.0,22.4,1.3,1.0,11.1,24.9,110,111,2.8,2.3,5.1,.100,1.4,-0.8,0.6,1.6
40,Cedi Osman\osmande01,2018-19,23,CLE,NBA,76,2444,75,11.5,.443,.214,2.0,14.8,8.1,12.1,1.2,0.4,11.0,18.6,106,118,1.2,0.2,1.5,.029,-1.4,-1.8,-3.2,-0.8
41,Marc Gasol\gasolma01,2018-19,34,TOT,NBA,79,2436,72,16.7,.314,.291,3.6,25.1,14.3,22.2,1.7,3.2,13.6,20.7,108,105,2.0,4.0,6.0,.118,0.8,2.3,3.1,3.1
42,Mikal Bridges\bridgmi01,2018-19,22,PHO,NBA,82,2417,56,10.8,.556,.210,2.5,9.7,6.0,9.8,2.5,1.3,10.2,12.2,112,115,1.7,1.2,2.9,.058,-2.0,0.4,-1.6,0.3
43,Jrue Holiday\holidjr01,2018-19,28,NOP,NBA,67,2402,67,19.4,.313,.234,3.3,11.0,7.2,31.8,2.1,1.8,14.1,25.4,111,112,3.5,1.9,5.4,.108,3.1,-0.1,3.0,3.1
44,Khris Middleton\middlkh01,2018-19,27,MIL,NBA,77,2393,77,16.5,.413,.225,2.3,16.5,9.8,20.1,1.6,0.2,12.1,25.1,109,106,2.5,3.6,6.1,.123,0.7,0.1,0.8,1.7
45,J.J. Redick\redicjj01,2018-19,34,PHI,NBA,76,2379,63,15.1,.589,.248,0.9,7.2,4.1,12.9,0.6,0.6,8.1,21.9,118,115,4.6,1.2,5.9,.118,2.2,-2.0,0.2,1.3
46,CJ McCollum\mccolcj01,2018-19,27,POR,NBA,70,2375,70,17.0,.358,.154,2.9,9.7,6.3,13.8,1.1,0.9,7.4,25.5,113,113,4.0,1.7,5.6,.114,2.1,-1.0,1.0,1.8
47,Giannis Antetokounmpo\antetgi01,2018-19,24,MIL,NBA,72,2358,72,30.9,.163,.550,7.3,30.0,19.3,30.3,1.8,3.9,14.8,32.3,121,99,8.9,5.5,14.4,.292,6.3,4.1,10.4,7.4
48,Nicolas Batum\batumni01,2018-19,30,CHO,NBA,75,2354,72,11.9,.530,.158,3.2,14.9,8.9,14.5,1.5,1.6,16.3,13.2,112,113,2.0,1.7,3.7,.076,-0.7,0.4,-0.3,1.0
49,Trevor Ariza\arizatr01,2018-19,33,TOT,NBA,69,2349,69,12.0,.590,.223,2.3,15.2,8.6,14.8,1.8,0.7,11.6,16.6,107,115,1.3,1.2,2.5,.052,-0.7,-0.6,-1.3,0.4
50,Mike Conley\conlemi01,2018-19,31,MEM,NBA,70,2342,70,21.4,.380,.363,1.9,9.7,5.7,33.4,2.0,0.9,9.1,27.3,117,111,5.7,2.3,8.0,.164,4.6,0.1,4.7,3.9
51,Stephen Curry\curryst01,2018-19,30,GSW,NBA,69,2331,69,24.4,.604,.214,2.2,14.2,8.4,24.2,1.9,0.9,11.6,30.4,120,110,7.2,2.5,9.7,.199,7.1,-0.5,6.6,5.1
52,Brook Lopez\lopezbr01,2018-19,30,MIL,NBA,81,2322,81,14.6,.651,.169,1.5,15.0,8.7,5.7,1.0,6.5,8.9,16.7,113,103,2.3,4.3,6.7,.138,0.4,1.8,2.2,2.4
53,Luka Dončić\doncilu01,2018-19,19,DAL,NBA,72,2318,72,19.6,.433,.409,4.0,21.9,13.0,31.6,1.6,0.9,15.0,30.5,107,109,2.1,2.8,4.9,.101,3.6,0.3,3.9,3.4
54,Kyle Kuzma\kuzmaky01,2018-19,23,LAL,NBA,70,2314,68,14.0,.388,.230,2.7,14.1,8.5,11.5,0.8,0.9,10.0,23.8,106,112,1.2,1.9,3.1,.065,-0.2,-1.2,-1.4,0.4
55,Dennis Schröder\schrode01,2018-19,25,OKC,NBA,79,2314,14,12.7,.330,.206,1.6,11.3,6.3,20.4,1.3,0.4,12.5,24.2,103,110,0.4,2.4,2.9,.060,-1.3,-0.7,-2.0,0.0
56,Bryn Forbes\forbebr01,2018-19,25,SAS,NBA,82,2293,81,12.0,.522,.099,0.9,10.4,5.7,10.6,1.0,0.1,8.8,17.4,113,114,2.5,1.3,3.8,.079,-0.3,-0.9,-1.2,0.5
57,Joe Harris\harrijo01,2018-19,27,BRK,NBA,76,2293,76,13.5,.516,.178,2.4,10.9,6.7,11.9,0.8,0.6,13.0,17.0,119,113,3.8,1.7,5.5,.116,0.8,-0.3,0.5,1.4
58,Al-Farouq Aminu\aminual01,2018-19,28,POR,NBA,81,2292,81,13.2,.472,.292,5.3,22.6,14.2,6.0,1.4,1.2,9.7,13.7,118,109,3.0,2.8,5.8,.121,0.1,0.6,0.7,1.5
59,Reggie Jackson\jacksre01,2018-19,28,DET,NBA,82,2289,82,15.2,.450,.225,2.1,8.5,5.2,24.7,1.2,0.3,11.4,24.5,111,112,3.1,1.9,5.0,.105,1.3,-0.9,0.4,1.4
60,Eric Bledsoe\bledser01,2018-19,29,MIL,NBA,78,2272,78,19.3,.388,.243,3.9,11.8,8.1,27.4,2.4,1.1,13.3,22.9,116,105,4.4,3.7,8.2,.173,1.9,1.2,3.1,2.9
61,D.J. Augustin\augusdj01,2018-19,31,ORL,NBA,81,2269,81,15.7,.459,.309,1.9,7.8,4.8,26.9,1.1,0.1,14.3,17.2,122,112,5.0,1.9,6.9,.146,1.1,-0.7,0.5,1.4
62,Jeremy Lamb\lambje01,2018-19,26,CHO,NBA,79,2250,55,17.3,.337,.266,3.1,18.1,10.4,11.9,1.9,1.2,6.8,22.5,113,111,3.3,2.0,5.3,.113,1.2,0.0,1.2,1.8
63,Clint Capela\capelca01,2018-19,24,HOU,NBA,67,2249,67,23.8,.000,.357,14.4,27.6,20.8,7.1,1.0,3.9,10.0,18.2,133,108,7.8,3.0,10.8,.230,3.3,-0.3,3.0,2.8
64,Devin Booker\bookede01,2018-19,22,PHO,NBA,64,2242,64,20.2,.330,.362,1.9,11.3,6.5,34.1,1.2,0.5,15.4,32.9,109,118,3.3,0.3,3.5,.076,3.3,-2.3,1.0,1.7
65,Julius Randle\randlju01,2018-19,24,NOP,NBA,73,2232,49,21.0,.179,.447,7.6,21.6,14.7,15.8,1.1,1.6,13.8,27.8,113,112,4.2,1.9,6.1,.131,2.1,-0.6,1.5,2.0
66,Danny Green\greenda02,2018-19,31,TOR,NBA,80,2216,80,13.0,.690,.070,3.0,12.2,7.7,7.7,1.6,2.0,10.4,14.1,119,108,3.0,2.9,5.9,.128,1.1,0.8,2.0,2.2
67,Jordan Clarkson\clarkjo01,2018-19,26,CLE,NBA,81,2214,0,16.8,.377,.163,3.9,9.9,6.8,15.6,1.3,0.5,9.6,27.6,107,119,1.9,-0.1,1.8,.039,2.1,-2.6,-0.5,0.8
68,Kyrie Irving\irvinky01,2018-19,26,BOS,NBA,67,2214,67,24.3,.350,.197,3.4,12.7,8.1,35.0,2.2,1.4,11.3,29.6,118,108,6.2,2.9,9.1,.197,6.0,1.1,7.2,5.1
69,Willie Cauley-Stein\caulewi01,2018-19,25,SAC,NBA,81,2213,81,18.0,.003,.343,8.2,23.7,15.8,12.3,2.0,2.0,9.0,17.5,118,108,3.8,2.9,6.7,.146,0.2,1.1,1.2,1.8
70,Kyle Lowry\lowryky01,2018-19,32,TOR,NBA,65,2213,65,16.5,.613,.263,2.1,12.9,7.6,34.8,2.0,1.2,18.1,19.6,115,108,3.6,3.0,6.6,.144,1.7,0.6,2.3,2.4
71,Marcus Smart\smartma01,2018-19,24,BOS,NBA,80,2200,60,13.1,.610,.228,2.8,8.6,5.7,19.1,3.1,1.1,16.5,14.6,113,107,2.2,3.1,5.3,.116,-1.2,2.0,0.8,1.5
72,Jimmy Butler\butleji01,2018-19,29,TOT,NBA,65,2185,65,20.2,.213,.404,6.0,10.5,8.3,18.0,2.7,1.4,8.2,22.3,121,110,5.4,2.5,7.9,.173,2.8,0.9,3.7,3.2
73,Deandre Ayton\aytonde01,2018-19,20,PHO,NBA,71,2183,70,20.5,.005,.217,11.1,26.1,18.5,9.6,1.3,2.6,11.7,21.2,117,113,4.1,1.7,5.8,.128,1.3,-1.1,0.2,1.2
74,Shai Gilgeous-Alexander\gilgesh01,2018-19,20,LAC,NBA,82,2174,73,13.4,.194,.272,2.9,8.3,5.7,17.8,2.1,1.6,15.0,18.3,108,112,1.5,1.9,3.3,.074,-0.9,0.4,-0.5,0.8
75,Zach LaVine\lavinza01,2018-19,23,CHI,NBA,63,2171,62,18.7,.283,.330,2.0,12.9,7.4,22.6,1.3,1.0,14.2,30.5,106,115,1.7,1.1,2.8,.062,2.4,-1.6,0.8,1.5
76,Jae Crowder\crowdja01,2018-19,28,UTA,NBA,80,2166,11,12.1,.655,.247,3.1,15.9,9.6,8.9,1.4,1.1,8.8,19.1,107,107,1.3,3.1,4.4,.097,-0.3,0.6,0.3,1.2
77,Tomáš Satoranský\satorto01,2018-19,27,WAS,NBA,80,2164,54,14.1,.306,.302,4.0,10.0,7.0,24.6,1.8,0.5,16.7,14.1,121,116,3.8,0.9,4.7,.104,-0.4,-0.3,-0.7,0.7
78,Eric Gordon\gordoer01,2018-19,30,HOU,NBA,68,2158,53,12.2,.640,.162,0.9,6.9,3.8,9.4,0.9,1.1,8.2,22.0,108,115,1.7,1.0,2.6,.059,0.5,-1.8,-1.3,0.4
79,Montrezl Harrell\harremo01,2018-19,25,LAC,NBA,82,2158,5,23.4,.019,.466,9.3,16.7,13.1,12.5,1.6,4.0,11.0,23.5,122,109,6.1,2.6,8.7,.193,2.6,0.7,3.3,2.9
80,Kevin Knox\knoxke01,2018-19,19,NYK,NBA,75,2158,57,8.7,.398,.247,2.9,13.6,8.1,6.0,1.0,0.9,10.1,22.3,93,116,-2.2,0.9,-1.3,-.030,-3.4,-2.3,-5.7,-2.0
81,Joel Embiid\embiijo01,2018-19,24,PHI,NBA,64,2154,64,26.1,.219,.541,8.1,34.0,21.4,18.4,1.0,4.4,13.2,33.3,114,104,4.9,3.8,8.7,.194,4.0,0.9,4.9,3.8
82,Terrence Ross\rosste01,2018-19,27,ORL,NBA,81,2150,0,15.4,.551,.140,1.3,12.8,7.0,9.9,1.6,1.1,7.6,23.9,108,109,1.7,2.6,4.3,.095,1.1,-0.3,0.8,1.5
83,Darren Collison\collida01,2018-19,31,IND,NBA,76,2143,76,16.7,.294,.288,1.9,9.9,6.0,29.9,2.5,0.4,14.4,17.7,118,108,3.9,2.9,6.8,.153,0.8,1.0,1.8,2.1
84,Patrick Beverley\beverpa01,2018-19,30,LAC,NBA,78,2137,49,11.8,.591,.258,3.9,15.0,9.6,18.4,1.5,1.6,13.8,12.2,119,111,2.8,2.0,4.8,.108,-0.3,1.2,0.9,1.5
85,Marvin Williams\willima02,2018-19,32,CHO,NBA,75,2133,75,12.6,.586,.132,3.8,17.1,10.3,6.1,1.6,2.5,6.4,14.9,112,111,1.9,1.9,3.8,.086,-0.4,0.2,-0.3,0.9
86,Myles Turner\turnemy01,2018-19,22,IND,NBA,74,2119,74,18.0,.251,.258,5.4,22.0,13.9,8.0,1.4,8.4,10.3,20.0,110,101,1.9,4.4,6.3,.144,0.0,2.4,2.5,2.4
87,Jeff Green\greenje02,2018-19,32,WAS,NBA,77,2097,44,13.6,.466,.300,2.9,13.3,8.0,9.2,1.0,1.6,11.5,17.8,115,116,2.8,0.8,3.6,.083,0.0,-1.4,-1.4,0.3
88,Jarrett Allen\allenja01,2018-19,20,BRK,NBA,80,2096,80,18.5,.079,.489,9.6,24.0,16.8,7.9,1.0,4.5,13.0,15.9,123,106,4.4,3.3,7.6,.175,0.2,1.4,1.6,1.9
89,Wesley Matthews\matthwe02,2018-19,32,TOT,NBA,69,2091,68,10.3,.577,.234,1.7,7.1,4.4,11.1,1.3,0.7,10.6,17.8,107,113,1.1,1.5,2.7,.062,-1.4,-0.5,-1.8,0.1
90,Marcus Morris\morrima03,2018-19,29,BOS,NBA,75,2091,53,14.2,.461,.205,3.9,19.5,11.7,7.5,1.0,1.1,9.1,20.9,110,109,2.1,2.5,4.5,.104,-0.2,-0.7,-0.9,0.6
91,Draymond Green\greendr01,2018-19,28,GSW,NBA,66,2065,66,12.9,.391,.216,3.2,20.8,12.4,26.8,2.2,2.8,26.8,13.1,108,106,1.1,3.2,4.3,.100,-1.3,2.7,1.4,1.8
92,Cory Joseph\josepco01,2018-19,27,IND,NBA,82,2063,9,11.0,.312,.078,2.1,12.6,7.5,20.7,2.2,0.9,12.4,13.7,105,107,0.5,2.9,3.5,.081,-2.1,1.7,-0.4,0.9
93,Danilo Gallinari\gallida01,2018-19,30,LAC,NBA,68,2059,68,21.0,.421,.459,2.9,18.1,10.7,13.2,1.1,0.9,8.5,23.8,125,112,6.4,1.8,8.2,.191,4.9,-0.5,4.3,3.3
94,Tim Hardaway\hardati02,2018-19,26,TOT,NBA,65,2057,63,13.6,.480,.278,1.7,9.8,5.7,12.8,1.3,0.3,8.6,25.4,105,116,1.0,0.9,1.8,.043,-0.1,-2.0,-2.0,0.0
95,Kevin Huerter\huertke01,2018-19,20,ATL,NBA,75,2048,59,10.1,.537,.085,3.0,9.7,6.3,14.5,1.5,1.1,13.8,15.7,106,116,0.7,0.7,1.5,.034,-1.6,-0.8,-2.4,-0.2
96,DeAndre Jordan\jordade01,2018-19,30,TOT,NBA,69,2047,69,19.0,.000,.592,11.7,35.2,23.5,11.6,1.0,3.0,21.4,15.0,122,106,4.0,3.1,7.1,.167,0.8,1.3,2.1,2.1
97,Kawhi Leonard\leonaka01,2018-19,27,TOR,NBA,60,2040,60,25.8,.267,.377,4.2,18.6,11.6,16.4,2.5,1.0,8.4,30.3,119,105,6.1,3.4,9.5,.224,6.1,1.1,7.2,4.7
98,Garrett Temple\templga01,2018-19,32,TOT,NBA,75,2040,55,8.5,.535,.217,1.5,10.2,5.8,7.4,1.8,1.4,11.5,13.2,103,111,0.3,2.0,2.2,.052,-3.3,0.5,-2.8,-0.4
99,Kentavious Caldwell-Pope\caldwke01,2018-19,25,LAL,NBA,82,2035,23,12.9,.575,.209,2.5,9.4,6.0,7.5,1.7,0.5,7.3,18.1,113,112,2.3,1.8,4.0,.095,-0.3,-0.1,-0.5,0.8
100,Austin Rivers\riverau01,2018-19,26,TOT,NBA,76,2028,15,7.7,.572,.166,1.3,7.5,4.4,11.5,1.1,1.0,10.0,14.5,104,116,0.4,0.8,1.2,.028,-3.3,-1.0,-4.3,-1.1
101,Dario Šarić\saricda01,2018-19,24,TOT,NBA,81,2023,41,13.1,.464,.216,6.6,17.5,12.1,8.8,1.1,0.4,11.3,17.8,113,114,2.3,1.2,3.5,.084,-0.3,-1.3,-1.6,0.2
102,Serge Ibaka\ibakase01,2018-19,29,TOR,NBA,74,2010,51,18.7,.193,.202,8.6,23.2,16.1,7.7,0.7,4.3,10.7,22.9,113,105,2.8,3.3,6.1,.146,0.2,0.1,0.2,1.2
103,Damyean Dotson\dotsoda01,2018-19,24,NYK,NBA,73,2004,40,10.8,.490,.140,1.7,12.2,6.8,10.4,1.4,0.4,8.7,17.3,105,116,0.7,0.9,1.5,.037,-1.7,-0.9,-2.6,-0.3
104,Jonathan Isaac\isaacjo01,2018-19,21,ORL,NBA,75,1996,64,13.0,.435,.221,5.2,17.0,11.0,5.7,1.4,4.1,10.1,16.3,107,106,0.9,3.1,4.0,.096,-1.4,1.0,-0.4,0.8
105,Lou Williams\willilo02,2018-19,32,LAC,NBA,75,1993,1,21.2,.256,.426,2.2,9.4,5.9,33.0,1.3,0.4,11.8,32.4,112,114,3.9,1.2,5.1,.123,4.3,-2.1,2.2,2.1
106,Josh Jackson\jacksjo02,2018-19,21,PHO,NBA,79,1988,29,10.6,.268,.253,3.6,15.9,9.7,14.1,1.8,2.3,15.6,23.9,91,114,-2.8,1.1,-1.7,-.040,-3.3,-1.2,-4.6,-1.3
107,Dorian Finney-Smith\finnedo01,2018-19,25,DAL,NBA,81,1985,26,11.0,.481,.195,7.5,13.4,10.5,6.9,1.7,1.5,11.4,14.0,109,111,1.2,2.0,3.3,.079,-1.8,0.4,-1.4,0.3
108,Jusuf Nurkić\nurkiju01,2018-19,24,POR,NBA,72,1974,72,23.4,.035,.442,13.4,26.7,20.2,17.9,1.7,4.2,14.6,24.7,116,105,4.4,3.3,7.8,.189,2.1,1.7,3.7,2.8
109,Al Horford\horfoal01,2018-19,32,BOS,NBA,68,1973,68,20.2,.281,.131,6.5,18.3,12.4,21.2,1.4,3.9,11.8,18.9,122,107,4.5,2.9,7.5,.181,3.3,1.9,5.1,3.6
110,Monte Morris\morrimo01,2018-19,23,DEN,NBA,82,1970,6,16.2,.323,.115,1.9,8.8,5.3,21.7,1.8,0.2,6.6,17.1,124,111,4.4,1.8,6.2,.151,1.1,0.3,1.5,1.7
111,Ryan Arcidiacono\arcidry01,2018-19,24,CHI,NBA,81,1961,32,11.6,.519,.244,1.5,10.8,6.1,18.9,1.6,0.2,12.0,11.7,121,115,2.8,0.9,3.7,.090,-2.0,0.1,-1.9,0.1
112,Justise Winslow\winslju01,2018-19,22,MIA,NBA,66,1959,52,12.8,.342,.183,3.4,15.9,9.6,21.9,1.8,0.9,14.9,20.8,102,108,0.2,2.6,2.8,.067,-1.3,0.7,-0.6,0.7
113,Bogdan Bogdanović\bogdabo01,2018-19,26,SAC,NBA,70,1947,17,14.1,.431,.188,2.1,11.0,6.4,19.3,1.7,0.7,11.1,22.3,107,113,1.3,1.4,2.7,.067,-0.1,-0.6,-0.6,0.7
114,LeBron James\jamesle01,2018-19,34,LAL,NBA,55,1937,55,25.6,.299,.382,3.1,21.3,12.4,39.4,1.7,1.4,13.3,31.6,114,108,4.7,2.6,7.2,.179,6.4,1.7,8.0,4.9
115,Kelly Oubre\oubreke01,2018-19,23,TOT,NBA,69,1935,19,15.2,.401,.290,4.0,14.6,9.2,6.8,2.1,2.5,9.8,23.2,105,113,0.9,1.3,2.2,.054,-0.3,-0.9,-1.2,0.4
116,DeAndre' Bembry\bembrde01,2018-19,24,ATL,NBA,82,1931,15,10.8,.281,.221,2.9,16.9,9.7,14.7,2.5,1.8,17.4,17.2,97,112,-0.9,1.7,0.9,.022,-3.3,0.8,-2.4,-0.2
117,Terrance Ferguson\fergute01,2018-19,20,OKC,NBA,74,1931,74,6.4,.673,.118,1.7,6.0,3.8,4.8,1.0,0.7,9.4,10.6,112,112,1.2,1.6,2.8,.070,-3.9,0.1,-3.8,-0.9
118,Spencer Dinwiddie\dinwisp01,2018-19,25,BRK,NBA,68,1914,4,16.3,.447,.430,1.4,7.6,4.6,25.6,1.0,0.7,13.4,24.9,114,113,3.5,1.4,4.8,.121,1.4,-0.8,0.6,1.3
119,Bam Adebayo\adebaba01,2018-19,21,MIA,NBA,82,1913,28,17.9,.031,.465,9.2,24.0,16.6,14.2,1.8,3.0,17.1,15.8,120,104,3.4,3.4,6.8,.171,-0.4,2.2,1.8,1.8
120,Jaylen Brown\brownja02,2018-19,22,BOS,NBA,74,1913,25,13.5,.348,.255,3.6,13.9,8.7,7.7,1.7,1.5,10.1,22.1,104,109,0.7,2.4,3.0,.076,-1.6,-0.4,-2.1,0.0
121,Patty Mills\millspa02,2018-19,30,SAS,NBA,82,1908,1,13.2,.609,.155,1.4,8.9,5.2,17.6,1.3,0.4,11.6,18.5,112,114,2.2,1.2,3.5,.087,0.4,-0.8,-0.3,0.8
122,Avery Bradley\bradlav01,2018-19,28,TOT,NBA,63,1905,63,7.6,.403,.082,2.5,7.3,4.9,11.8,1.0,0.7,12.4,16.2,98,115,-0.6,1.0,0.3,.009,-2.8,-0.9,-3.7,-0.8
123,Ricky Rubio\rubiori01,2018-19,28,UTA,NBA,68,1899,67,14.0,.348,.312,1.9,11.8,6.9,32.1,2.3,0.4,17.8,22.7,105,107,0.9,2.8,3.7,.095,-1.0,0.8,-0.2,0.9
124,Paul Millsap\millspa01,2018-19,33,DEN,NBA,70,1895,65,17.9,.239,.374,8.7,20.2,14.4,10.6,2.2,2.5,10.9,19.6,116,106,3.2,2.9,6.1,.155,0.7,1.0,1.7,1.8
125,Rodney Hood\hoodro01,2018-19,26,TOT,NBA,72,1893,49,12.3,.352,.231,1.4,7.9,4.6,10.0,1.5,0.5,6.9,18.1,112,117,2.1,0.5,2.6,.065,-1.2,-0.8,-2.0,0.0
126,Dwyane Wade\wadedw01,2018-19,37,MIA,NBA,72,1885,2,15.8,.272,.243,3.9,12.2,8.0,26.5,1.5,1.8,13.5,27.9,102,109,0.1,2.3,2.4,.061,0.8,-0.2,0.6,1.2
127,Malik Beasley\beaslma01,2018-19,22,DEN,NBA,81,1879,18,14.2,.550,.090,2.0,9.5,5.8,7.5,1.4,0.5,6.7,18.7,117,112,2.9,1.6,4.5,.115,0.8,-0.7,0.1,1.0
128,Reggie Bullock\bullore01,2018-19,27,TOT,NBA,63,1879,60,10.5,.662,.143,1.2,8.8,4.9,10.1,1.0,0.5,9.3,15.8,111,113,1.6,1.4,3.1,.078,-0.7,-0.4,-1.1,0.4
129,Gordon Hayward\haywago01,2018-19,28,BOS,NBA,72,1863,18,15.6,.364,.294,2.9,15.5,9.2,18.4,1.6,1.1,12.8,19.0,114,109,2.6,2.3,4.9,.126,0.4,0.4,0.8,1.3
130,Chris Paul\paulch01,2018-19,33,HOU,NBA,58,1857,58,19.7,.493,.282,2.1,13.9,7.9,39.3,3.0,0.8,15.8,22.5,118,109,4.4,2.2,6.6,.172,2.7,1.1,3.9,2.8
131,Anthony Davis\davisan02,2018-19,25,NOP,NBA,56,1850,56,30.3,.141,.422,9.9,27.5,18.8,19.0,2.2,6.0,8.4,29.5,122,105,6.4,3.1,9.5,.247,7.1,2.3,9.4,5.3
132,Rudy Gay\gayru01,2018-19,32,SAS,NBA,69,1842,51,17.5,.247,.197,3.8,23.9,13.9,14.7,1.4,1.6,12.3,22.1,111,109,2.2,2.2,4.4,.115,0.8,0.6,1.4,1.6
133,Domantas Sabonis\sabondo01,2018-19,22,IND,NBA,74,1838,5,21.9,.024,.416,11.5,29.8,20.8,18.2,1.3,1.5,16.2,23.5,118,104,4.3,3.3,7.6,.197,1.9,1.3,3.1,2.4
134,Malcolm Brogdon\brogdma01,2018-19,26,MIL,NBA,64,1832,64,17.8,.326,.203,3.8,11.7,8.0,16.2,1.2,0.6,10.0,20.7,121,108,4.2,2.3,6.5,.171,2.0,0.1,2.2,1.9
135,John Collins\collijo01,2018-19,21,ATL,NBA,61,1829,59,21.8,.190,.320,12.3,22.1,17.1,11.0,0.6,1.8,11.2,23.7,122,115,5.0,1.0,6.0,.158,2.8,-1.9,0.9,1.3
136,Marco Belinelli\belinma01,2018-19,32,SAS,NBA,79,1815,1,11.9,.572,.180,1.0,10.8,5.9,10.1,0.9,0.4,8.8,19.8,109,114,1.4,1.1,2.5,.065,-0.5,-1.2,-1.7,0.1
137,Kelly Olynyk\olynyke01,2018-19,27,MIA,NBA,79,1812,36,14.4,.566,.328,4.2,17.8,11.0,11.4,1.4,1.8,15.0,18.0,114,108,2.3,2.5,4.7,.126,-0.2,0.9,0.7,1.2
138,Landry Shamet\shamela01,2018-19,21,TOT,NBA,79,1802,27,11.0,.711,.167,1.3,6.4,3.9,9.0,1.0,0.4,7.0,15.0,120,115,2.7,0.9,3.6,.095,-0.3,-1.3,-1.6,0.2
139,Larry Nance\nancela02,2018-19,26,CLE,NBA,67,1795,30,18.6,.205,.280,10.0,24.9,17.1,17.8,2.8,1.9,15.3,15.5,120,112,3.3,1.6,4.9,.131,1.0,1.4,2.4,2.0
140,Terry Rozier\roziete01,2018-19,24,BOS,NBA,79,1791,14,12.9,.506,.140,1.9,16.4,9.1,17.7,1.8,1.0,8.8,18.6,106,108,0.9,2.3,3.2,.086,-0.7,0.5,-0.2,0.8
141,Nemanja Bjelica\bjeline01,2018-19,30,SAC,NBA,77,1788,70,15.4,.433,.155,7.0,18.8,12.8,11.1,1.4,2.7,11.5,16.5,117,110,2.7,1.9,4.5,.122,0.4,0.5,0.9,1.3
142,Derrick Favors\favorde01,2018-19,27,UTA,NBA,76,1766,70,21.8,.126,.368,12.9,21.3,17.2,8.0,1.5,4.8,10.5,19.4,124,103,4.4,3.5,7.9,.215,1.8,1.5,3.3,2.4
143,Brandon Ingram\ingrabr01,2018-19,21,LAL,NBA,52,1760,52,13.4,.129,.396,2.5,13.0,7.8,12.9,0.7,1.4,13.1,23.2,104,112,0.6,1.4,2.0,.055,-1.3,-0.7,-2.0,0.0
144,Fred VanVleet\vanvlfr01,2018-19,24,TOR,NBA,64,1760,28,13.7,.493,.192,1.3,8.7,5.1,23.9,1.6,0.9,11.2,17.9,114,110,2.4,1.9,4.3,.117,0.4,0.1,0.5,1.1
145,Darius Miller\milleda01,2018-19,28,NOP,NBA,69,1757,15,8.4,.752,.147,0.8,6.6,3.8,10.4,1.1,1.1,10.3,13.4,110,116,1.1,0.6,1.6,.045,-2.1,-0.8,-2.9,-0.4
146,Josh Okogie\okogijo01,2018-19,20,MIN,NBA,74,1757,52,9.4,.423,.319,2.5,10.9,6.6,6.9,2.4,1.6,9.8,15.4,101,113,-0.1,1.4,1.2,.034,-3.5,0.4,-3.1,-0.5
147,Langston Galloway\gallola01,2018-19,27,DET,NBA,80,1745,4,10.7,.647,.164,3.0,7.9,5.4,7.3,1.0,0.4,3.7,16.1,115,113,2.1,1.3,3.4,.094,-0.9,-0.6,-1.5,0.2
148,Mason Plumlee\plumlma01,2018-19,28,DEN,NBA,82,1731,17,17.8,.023,.448,10.3,22.5,16.4,19.5,1.9,3.9,19.2,16.2,117,105,2.9,2.9,5.8,.160,-0.5,2.6,2.1,1.8
149,Derrick White\whitede01,2018-19,24,SAS,NBA,67,1728,55,14.8,.262,.227,2.2,13.3,7.8,21.0,1.9,2.3,14.0,17.7,111,110,1.7,1.9,3.6,.101,-0.4,1.3,0.9,1.3
150,Jabari Parker\parkeja01,2018-19,23,TOT,NBA,64,1724,17,15.5,.260,.246,4.9,21.8,13.3,14.1,1.3,1.5,15.4,24.6,102,113,0.1,1.3,1.4,.039,-0.7,-0.9,-1.5,0.2
151,Noah Vonleh\vonleno01,2018-19,23,NYK,NBA,68,1722,57,13.9,.311,.355,6.7,25.8,16.0,11.1,1.3,2.5,14.7,14.8,111,111,1.5,1.7,3.2,.090,-1.2,0.5,-0.7,0.6
152,Josh Hart\hartjo01,2018-19,23,LAL,NBA,67,1715,22,9.3,.591,.172,2.2,12.6,7.5,7.0,1.7,1.9,10.4,13.5,103,110,0.2,1.9,2.1,.059,-2.3,1.0,-1.3,0.3
153,DeMarre Carroll\carrode01,2018-19,32,BRK,NBA,67,1703,8,12.1,.539,.421,4.2,17.3,10.8,7.2,0.9,0.5,9.7,18.6,110,111,1.5,1.6,3.1,.088,-0.9,-0.6,-1.5,0.2
154,Delon Wright\wrighde01,2018-19,26,TOT,NBA,75,1699,13,15.5,.301,.269,4.4,12.8,8.6,21.6,2.5,1.6,11.0,18.1,112,107,1.9,2.4,4.3,.121,0.1,1.4,1.5,1.5
155,Miles Bridges\bridgmi02,2018-19,20,CHO,NBA,80,1696,25,13.1,.391,.151,4.2,16.6,10.3,8.1,1.6,2.5,8.4,15.1,111,112,1.4,1.5,2.9,.083,-0.9,0.1,-0.8,0.5
156,Taj Gibson\gibsota01,2018-19,33,MIN,NBA,70,1686,57,17.8,.063,.330,10.8,18.3,14.5,7.3,1.5,2.0,10.6,17.2,123,112,3.7,1.4,5.1,.144,0.3,-0.4,-0.1,0.8
157,Otto Porter\porteot01,2018-19,25,TOT,NBA,56,1683,43,15.9,.398,.149,3.4,17.0,10.1,10.6,2.3,1.6,8.7,19.1,111,112,1.8,1.5,3.2,.093,0.8,0.1,0.9,1.2
158,Lauri Markkanen\markkla01,2018-19,21,CHI,NBA,52,1682,51,17.1,.418,.245,4.7,25.9,15.2,7.2,1.1,1.7,8.8,25.1,107,112,1.3,1.5,2.7,.078,1.4,-1.5,-0.2,0.7
159,Hassan Whiteside\whiteha01,2018-19,29,MIA,NBA,72,1674,53,23.5,.024,.357,16.3,35.6,25.9,5.6,1.3,7.3,11.0,22.6,112,99,2.3,4.0,6.3,.180,1.1,1.2,2.3,1.8
160,JaVale McGee\mcgeeja01,2018-19,31,LAL,NBA,75,1671,62,21.8,.019,.237,12.3,22.5,17.5,4.8,1.3,7.3,13.2,20.2,117,104,3.0,2.9,5.9,.171,0.3,1.2,1.4,1.4
161,Royce O'Neale\onealro01,2018-19,25,UTA,NBA,82,1671,16,9.0,.513,.122,1.5,16.7,9.2,10.0,1.5,1.1,16.2,11.0,108,106,0.7,2.5,3.3,.094,-2.6,2.1,-0.5,0.6
162,Dwight Powell\poweldw01,2018-19,27,DAL,NBA,77,1662,22,20.4,.261,.523,9.1,17.3,13.2,10.7,1.3,2.6,10.1,17.2,135,110,5.6,1.9,7.5,.215,2.0,0.9,2.9,2.1
163,Kent Bazemore\bazemke01,2018-19,29,ATL,NBA,67,1643,35,11.9,.434,.253,2.3,14.6,8.3,13.5,2.5,2.2,13.6,22.0,98,112,-0.7,1.4,0.7,.021,-2.5,0.2,-2.3,-0.1
164,Enes Kanter\kanteen01,2018-19,26,TOT,NBA,67,1640,31,22.3,.050,.288,16.4,26.1,21.1,12.1,0.9,1.3,13.3,23.1,118,111,3.9,1.6,5.4,.159,2.5,-1.5,1.0,1.2
165,Gary Harris\harriga01,2018-19,24,DEN,NBA,57,1639,48,12.2,.380,.226,2.7,7.9,5.3,11.0,1.6,1.0,8.9,20.0,108,111,1.1,1.5,2.6,.076,-1.2,-0.4,-1.6,0.2
166,Dāvis Bertāns\bertada01,2018-19,26,SAS,NBA,76,1632,12,13.0,.746,.132,1.6,16.0,8.8,8.2,1.0,1.7,8.2,14.1,122,112,2.6,1.5,4.0,.118,1.1,0.2,1.3,1.4
167,Justin Jackson\jacksju01,2018-19,23,TOT,NBA,81,1614,14,11.3,.505,.163,2.8,11.0,6.9,8.1,0.9,0.7,5.3,14.3,117,114,2.0,0.9,2.9,.086,-0.8,-0.8,-1.6,0.2
168,Dewayne Dedmon\dedmode01,2018-19,29,ATL,NBA,64,1609,52,16.0,.413,.215,6.7,25.0,15.7,8.1,2.0,3.8,12.7,16.7,115,109,2.1,1.9,4.0,.119,-0.3,0.8,0.5,1.0
169,Emmanuel Mudiay\mudiaem01,2018-19,22,NYK,NBA,59,1607,42,14.6,.284,.251,2.1,10.9,6.4,24.2,1.3,1.0,14.6,25.6,102,116,0.1,0.7,0.8,.023,-0.2,-1.8,-2.0,0.0
170,Robin Lopez\lopezro01,2018-19,30,CHI,NBA,74,1606,36,15.9,.058,.230,9.4,10.0,9.7,8.8,0.3,4.2,14.0,18.6,113,115,2.0,0.7,2.7,.081,-0.6,-1.4,-1.9,0.0
171,Evan Turner\turneev01,2018-19,30,POR,NBA,73,1605,2,11.6,.117,.239,2.5,18.9,10.9,23.6,1.0,0.9,18.9,15.9,105,111,0.5,1.5,2.0,.060,-1.8,0.5,-1.3,0.3
172,Jalen Brunson\brunsja01,2018-19,22,DAL,NBA,73,1591,38,12.8,.320,.212,1.7,9.6,5.7,22.6,1.1,0.2,12.5,19.1,110,114,1.5,1.0,2.6,.077,-1.2,-0.5,-1.7,0.1
173,Andre Iguodala\iguodan01,2018-19,35,GSW,NBA,68,1578,13,13.1,.477,.222,3.4,13.2,8.5,16.8,1.8,2.7,13.6,10.4,124,109,2.4,1.8,4.2,.129,0.1,1.7,1.8,1.5
174,Marvin Bagley\baglema01,2018-19,19,SAC,NBA,62,1567,4,18.9,.136,.371,10.4,20.8,15.5,5.9,1.0,3.2,10.7,24.2,111,110,2.0,1.6,3.6,.110,0.5,-1.5,-1.0,0.4
175,Tyus Jones\jonesty01,2018-19,22,MIN,NBA,68,1560,23,13.7,.283,.155,1.6,7.7,4.6,28.3,2.5,0.3,9.0,14.1,116,114,2.1,0.9,3.0,.091,-0.9,0.3,-0.6,0.6
176,Taurean Waller-Prince\princta02,2018-19,24,ATL,NBA,55,1552,47,11.9,.530,.195,1.5,12.3,6.7,11.1,1.6,1.1,13.4,19.5,106,115,0.8,0.7,1.5,.047,-1.0,-1.0,-2.0,0.0
177,Rodney McGruder\mcgruro01,2018-19,27,MIA,NBA,66,1550,45,9.4,.488,.156,4.1,12.2,8.2,10.3,1.1,0.7,11.5,15.4,104,111,0.4,1.6,1.9,.059,-2.2,-0.1,-2.3,-0.1
178,Alex Len\lenal01,2018-19,25,ATL,NBA,77,1544,31,17.2,.315,.333,10.5,18.5,14.4,8.6,0.8,3.9,11.5,22.1,113,113,2.2,1.0,3.2,.100,0.0,-1.3,-1.2,0.3
179,Tyler Johnson\johnsty01,2018-19,26,TOT,NBA,57,1529,22,12.4,.494,.241,2.4,9.8,6.1,15.9,1.7,1.6,11.7,18.5,107,111,0.9,1.4,2.3,.071,-0.7,0.3,-0.4,0.6
180,Jaren Jackson\jacksja02,2018-19,19,MEM,NBA,58,1515,56,16.4,.241,.334,5.3,15.0,10.1,7.2,1.7,5.1,12.7,22.8,108,107,1.2,2.2,3.3,.105,-1.2,1.0,-0.3,0.7
181,Dennis Smith\smithde03,2018-19,21,TOT,NBA,53,1508,50,12.3,.320,.240,2.2,8.7,5.5,27.3,2.1,1.1,17.6,24.8,96,112,-1.2,1.2,0.0,.001,-1.6,-0.4,-1.9,0.0
182,Torrey Craig\craigto01,2018-19,28,DEN,NBA,75,1503,37,10.4,.519,.193,6.4,12.6,9.5,6.3,1.2,2.7,10.1,12.4,114,110,1.4,1.7,3.0,.096,-2.0,0.2,-1.9,0.0
183,Maxi Kleber\klebima01,2018-19,27,DAL,NBA,71,1502,18,13.1,.565,.192,6.5,16.9,11.7,6.8,1.2,4.4,11.4,13.5,115,109,1.6,1.8,3.5,.111,-0.8,1.2,0.4,0.9
184,Thomas Bryant\bryanth01,2018-19,21,WAS,NBA,72,1496,53,21.0,.197,.273,8.1,25.1,16.5,9.3,0.8,3.8,9.6,17.6,130,112,4.3,1.3,5.6,.178,2.3,-0.3,2.0,1.5
185,Kevon Looney\looneke01,2018-19,22,GSW,NBA,80,1481,24,17.3,.029,.303,14.6,15.4,15.0,10.9,1.5,3.0,11.5,12.8,135,109,4.2,1.8,6.0,.194,0.1,0.4,0.5,0.9
186,Iman Shumpert\shumpim01,2018-19,28,TOT,NBA,62,1481,41,9.1,.612,.101,1.9,11.4,6.5,9.9,1.9,1.4,9.7,14.5,103,112,0.1,1.2,1.4,.045,-2.4,0.5,-1.9,0.0
187,Gerald Green\greenge01,2018-19,33,HOU,NBA,73,1473,0,11.4,.763,.118,2.2,11.7,6.8,4.1,1.1,1.6,8.3,19.5,107,113,0.9,1.0,1.9,.061,-0.2,-1.5,-1.7,0.1
188,T.J. McConnell\mccontj01,2018-19,26,PHI,NBA,76,1470,3,13.4,.100,.088,2.1,10.2,6.3,24.7,2.5,0.9,17.3,15.0,110,110,1.2,1.7,2.9,.094,-1.8,0.9,-0.9,0.4
189,E'Twaun Moore\mooreet01,2018-19,29,NOP,NBA,53,1463,36,11.5,.331,.111,2.5,6.4,4.5,9.5,1.3,0.4,9.6,17.3,110,117,1.2,0.5,1.7,.055,-1.2,-1.1,-2.3,-0.1
190,Allonzo Trier\trieral01,2018-19,23,NYK,NBA,64,1459,3,12.2,.255,.431,2.2,12.2,7.1,12.9,0.9,0.8,15.8,21.5,104,116,0.4,0.5,0.9,.030,-1.6,-1.5,-3.1,-0.4
191,Bruce Brown\brownbr01,2018-19,22,DET,NBA,74,1449,56,6.9,.296,.191,3.5,10.7,7.0,8.8,1.4,2.1,11.9,11.5,100,110,-0.1,1.6,1.5,.048,-4.4,1.0,-3.3,-0.5
192,Ed Davis\davised01,2018-19,29,BRK,NBA,81,1446,1,17.3,.007,.536,15.8,34.6,25.2,6.0,1.2,1.8,14.6,12.7,129,105,3.3,2.5,5.7,.191,-0.6,0.7,0.0,0.7
193,Wayne Selden\seldewa01,2018-19,24,TOT,NBA,75,1439,13,8.3,.360,.190,2.8,11.0,6.9,11.3,1.1,0.8,13.1,18.4,95,115,-1.0,0.8,-0.3,-.009,-3.8,-1.6,-5.4,-1.2
194,Luke Kennard\kennalu01,2018-19,22,DET,NBA,63,1437,10,11.9,.517,.117,0.9,13.5,7.0,12.3,0.9,0.6,9.4,18.1,110,112,1.3,1.3,2.5,.085,-0.4,-0.6,-1.1,0.3
195,Jeremy Lin\linje01,2018-19,30,TOT,NBA,74,1436,4,13.5,.346,.388,1.6,11.7,6.6,23.4,1.5,0.8,16.4,21.8,108,114,1.2,0.9,2.1,.070,-1.4,-0.9,-2.2,-0.1
196,Shaquille Harrison\harrish01,2018-19,25,CHI,NBA,73,1430,11,12.4,.209,.289,2.5,14.5,8.4,14.1,3.0,1.8,11.1,16.5,101,110,-0.1,1.6,1.4,.048,-2.8,1.5,-1.3,0.2
197,Maurice Harkless\harklma01,2018-19,25,POR,NBA,60,1415,53,13.2,.309,.188,5.9,14.1,10.1,7.1,2.3,3.0,9.7,13.9,114,108,1.5,1.9,3.4,.114,-1.0,1.7,0.7,1.0
198,Tyreke Evans\evansty01,2018-19,29,IND,NBA,69,1402,18,11.5,.327,.242,2.7,13.0,7.9,17.5,2.0,1.1,13.9,26.4,94,107,-1.7,2.0,0.3,.010,-2.4,-0.3,-2.7,-0.2
199,Seth Curry\curryse01,2018-19,28,POR,NBA,74,1399,2,11.4,.540,.112,2.1,6.9,4.6,6.5,1.2,0.7,11.1,16.6,113,114,1.5,0.9,2.4,.082,-0.4,-0.7,-1.0,0.3
200,Mike Scott\scottmi01,2018-19,30,TOT,NBA,79,1395,3,8.6,.600,.079,3.4,17.2,10.5,6.4,0.9,0.7,9.2,14.4,105,112,0.4,1.2,1.6,.053,-1.9,-0.7,-2.5,-0.2
201,Derrick Rose\rosede01,2018-19,30,MIN,NBA,51,1392,13,19.5,.194,.212,2.5,8.3,5.4,26.4,1.1,0.7,9.1,27.3,114,117,2.6,0.3,3.0,.102,3.2,-1.7,1.4,1.2
202,Alec Burks\burksal01,2018-19,27,TOT,NBA,64,1375,24,12.7,.354,.297,2.3,17.0,9.4,13.7,1.4,1.3,10.8,19.0,106,114,0.7,0.8,1.5,.052,-0.6,-0.7,-1.2,0.3
203,JaMychal Green\greenja01,2018-19,28,TOT,NBA,65,1371,6,14.7,.370,.212,8.3,24.3,16.4,5.8,1.6,2.3,14.3,19.4,108,107,0.9,1.9,2.9,.101,-1.3,-0.4,-1.7,0.1
204,Mitchell Robinson\robinmi01,2018-19,20,NYK,NBA,66,1360,19,22.0,.000,.464,13.3,19.4,16.3,4.2,1.8,10.0,9.1,12.1,140,106,4.0,2.2,6.1,.217,0.1,2.4,2.5,1.6
205,Juan Hernangómez\hernaju01,2018-19,23,DEN,NBA,70,1358,25,11.0,.576,.274,5.1,16.1,10.6,5.3,1.0,1.6,9.5,12.2,118,110,1.6,1.4,3.0,.105,-0.9,-0.2,-1.1,0.3
206,Zach Collins\colliza01,2018-19,21,POR,NBA,77,1356,0,13.5,.303,.315,8.8,16.5,12.7,7.1,0.9,3.9,14.5,16.6,112,110,1.4,1.5,2.9,.104,-1.5,0.3,-1.2,0.3
207,OG Anunoby\anunoog01,2018-19,21,TOR,NBA,67,1352,6,9.8,.500,.153,4.8,10.8,7.9,4.7,1.6,1.3,11.3,15.5,104,109,0.3,1.7,2.0,.070,-2.4,0.1,-2.4,-0.1
208,Doug McDermott\mcderdo01,2018-19,27,IND,NBA,77,1340,1,11.6,.488,.187,1.4,7.5,4.5,7.1,0.7,0.5,8.4,16.3,117,112,1.8,1.1,2.9,.103,-0.5,-0.9,-1.4,0.2
209,Kyle Korver\korveky01,2018-19,37,TOT,NBA,70,1334,0,11.2,.720,.151,0.7,12.4,6.6,8.9,0.9,0.7,10.3,18.5,109,111,1.0,1.3,2.3,.082,-0.2,-0.3,-0.5,0.5
210,Vince Carter\cartevi01,2018-19,42,ATL,NBA,76,1330,9,11.8,.675,.141,2.4,13.2,7.7,9.3,1.5,1.8,8.8,16.7,112,115,1.2,0.7,1.9,.070,-0.4,-0.3,-0.7,0.5
211,Jake Layman\laymaja01,2018-19,24,POR,NBA,71,1327,33,13.5,.427,.167,4.6,12.6,8.7,5.6,1.1,1.8,9.2,15.9,118,112,1.9,1.2,3.1,.111,-0.1,-0.3,-0.5,0.5
212,Mike Muscala\muscami01,2018-19,27,TOT,NBA,64,1306,10,10.8,.709,.235,4.7,14.7,9.8,7.7,0.8,2.3,10.8,14.3,113,111,1.2,1.2,2.5,.091,-0.8,-0.3,-1.1,0.3
213,Tony Snell\snellto01,2018-19,27,MIL,NBA,74,1304,12,10.7,.565,.116,2.4,9.4,6.1,6.7,0.9,1.2,5.7,12.9,119,109,1.6,1.6,3.2,.117,-1.0,0.3,-0.7,0.4
214,George Hill\hillge01,2018-19,32,TOT,NBA,60,1302,13,12.1,.407,.226,3.2,8.3,5.9,14.0,1.9,0.5,11.0,15.1,114,110,1.5,1.3,2.8,.103,-1.9,0.5,-1.4,0.2
215,Bobby Portis\portibo01,2018-19,23,TOT,NBA,50,1299,28,16.1,.304,.154,9.0,24.9,16.8,8.8,1.3,1.3,9.9,24.6,104,112,0.5,1.1,1.6,.060,-0.2,-2.3,-2.4,-0.1
216,Wayne Ellington\ellinwa01,2018-19,31,TOT,NBA,53,1297,38,11.8,.814,.107,1.1,7.9,4.5,8.3,2.0,0.4,7.7,17.2,112,110,1.3,1.4,2.6,.097,-0.3,0.3,0.0,0.7
217,Rodions Kurucs\kurucro01,2018-19,20,BRK,NBA,63,1294,46,11.0,.410,.205,4.6,15.4,10.0,6.0,1.5,1.5,13.6,18.4,102,109,0.1,1.5,1.6,.059,-2.9,0.3,-2.6,-0.2
218,Jakob Poeltl\poeltja01,2018-19,23,SAS,NBA,77,1273,24,19.4,.000,.317,15.4,19.7,17.6,10.0,1.1,4.5,12.7,13.1,133,108,3.5,1.6,5.1,.193,1.3,0.7,2.0,1.3
219,Markieff Morris\morrima02,2018-19,29,TOT,NBA,58,1270,16,11.7,.419,.190,5.0,17.5,11.1,8.8,1.3,1.5,9.3,19.1,106,112,0.6,1.1,1.6,.061,-2.1,-0.6,-2.7,-0.2
220,Pat Connaughton\connapa01,2018-19,26,MIL,NBA,61,1261,2,13.6,.571,.114,5.2,15.0,10.4,12.6,1.2,1.7,8.2,13.3,122,107,2.0,1.9,3.9,.149,0.3,0.8,1.2,1.0
221,Malik Monk\monkma01,2018-19,20,CHO,NBA,73,1258,0,11.8,.563,.174,1.3,10.6,5.9,14.3,1.4,1.3,12.0,24.6,99,114,-0.4,0.7,0.3,.012,-1.3,-1.7,-3.0,-0.3
222,Ish Smith\smithis01,2018-19,30,DET,NBA,56,1251,0,11.8,.276,.127,1.9,11.1,6.3,25.4,1.1,0.7,10.6,19.9,105,112,0.5,1.1,1.7,.064,-1.6,-0.3,-2.0,0.0
223,Shelvin Mack\macksh01,2018-19,28,TOT,NBA,57,1246,3,10.4,.323,.208,1.6,7.9,4.7,22.6,1.9,0.3,13.0,18.1,100,112,-0.2,1.1,0.9,.034,-2.7,-0.4,-3.0,-0.3
224,Rondae Hollis-Jefferson\holliro01,2018-19,24,BRK,NBA,59,1234,21,12.5,.101,.376,7.1,19.2,13.2,11.7,1.7,1.7,10.7,21.6,99,108,-0.5,1.7,1.2,.047,-3.0,0.4,-2.6,-0.2
225,Wesley Iwundu\iwundwe01,2018-19,24,ORL,NBA,68,1233,13,8.7,.288,.376,3.2,13.0,8.0,7.9,1.1,1.5,12.1,12.8,107,110,0.5,1.4,1.9,.073,-3.8,0.6,-3.2,-0.4
226,Ersan İlyasova\ilyaser01,2018-19,31,MIL,NBA,67,1231,7,11.6,.420,.194,8.2,16.2,12.5,5.5,1.2,1.4,10.4,15.7,112,106,1.2,1.9,3.0,.119,-2.4,0.1,-2.3,-0.1
227,James Ennis\ennisja01,2018-19,28,TOT,NBA,58,1230,27,11.0,.531,.276,5.3,10.9,8.1,4.7,1.6,1.6,9.3,12.7,119,112,1.6,1.0,2.6,.103,-1.4,-0.2,-1.5,0.1
228,Jared Dudley\dudleja01,2018-19,33,BRK,NBA,59,1220,25,7.8,.632,.192,2.9,10.4,6.7,9.2,1.4,1.0,14.2,10.4,110,111,0.6,1.2,1.8,.070,-2.9,1.1,-1.8,0.1
229,Jonas Jerebko\jerebjo01,2018-19,31,GSW,NBA,73,1218,6,13.5,.530,.225,6.6,18.1,12.6,10.1,1.1,1.2,9.9,15.2,120,111,2.1,1.2,3.3,.130,-0.3,-0.4,-0.7,0.4
230,Jamal Crawford\crawfja01,2018-19,38,PHO,NBA,64,1211,0,11.7,.461,.251,0.7,7.2,3.9,27.7,1.3,0.8,16.9,20.8,102,119,0.1,0.0,0.2,.006,-1.1,-2.8,-3.9,-0.6
231,Stanley Johnson\johnsst04,2018-19,22,TOT,NBA,66,1208,7,9.6,.489,.145,3.0,16.9,9.7,10.6,2.4,1.0,14.7,19.4,94,108,-1.1,1.6,0.5,.021,-3.1,0.9,-2.2,0.0
232,Mario Hezonja\hezonma01,2018-19,23,NYK,NBA,58,1206,24,10.8,.328,.246,2.4,18.7,10.4,11.5,2.3,0.6,14.6,21.3,94,112,-1.1,1.1,-0.1,-.003,-3.5,-0.3,-3.8,-0.5
233,Richaun Holmes\holmeri01,2018-19,25,PHO,NBA,70,1184,4,20.7,.000,.479,10.6,20.5,15.5,7.9,1.7,5.6,10.5,17.9,127,111,3.1,1.1,4.3,.173,0.1,0.5,0.6,0.8
234,Michael Kidd-Gilchrist\kiddgmi01,2018-19,25,CHO,NBA,64,1179,3,13.3,.142,.370,7.9,14.8,11.3,7.4,1.3,2.9,10.0,15.7,115,112,1.5,1.0,2.5,.100,-2.3,-0.1,-2.4,-0.1
235,Wilson Chandler\chandwi01,2018-19,31,TOT,NBA,51,1177,33,8.5,.579,.092,4.4,14.6,9.7,9.1,1.0,1.4,13.9,11.8,107,112,0.5,1.0,1.5,.062,-2.3,-0.5,-2.8,-0.2
236,Frank Jackson\jacksfr01,2018-19,20,NOP,NBA,61,1169,16,9.4,.378,.163,2.2,9.5,5.9,8.0,1.0,0.1,9.1,18.5,102,117,0.1,0.4,0.4,.018,-2.9,-1.7,-4.6,-0.8
237,James Johnson\johnsja01,2018-19,31,MIA,NBA,55,1164,33,10.9,.393,.185,2.0,14.1,8.0,17.0,1.5,2.1,15.3,17.8,102,108,0.0,1.5,1.5,.062,-2.4,1.1,-1.2,0.2
238,Derrick Jones\jonesde02,2018-19,21,MIA,NBA,60,1153,14,14.0,.281,.377,8.8,13.3,11.1,4.7,1.9,3.3,10.2,15.6,113,107,1.2,1.7,2.9,.121,-1.5,1.0,-0.5,0.4
239,Norman Powell\powelno01,2018-19,25,TOR,NBA,60,1126,3,13.3,.425,.188,1.6,11.5,6.7,11.6,1.7,1.0,13.1,19.0,110,109,1.0,1.4,2.4,.102,-0.9,0.2,-0.7,0.4
240,Trey Burke\burketr01,2018-19,26,TOT,NBA,58,1125,8,16.5,.290,.226,2.6,6.7,4.6,24.1,1.4,0.5,7.5,24.8,110,116,1.4,0.5,1.9,.081,1.5,-1.4,0.1,0.6
241,Lance Stephenson\stephla01,2018-19,28,LAL,NBA,68,1123,3,11.8,.456,.169,3.0,16.5,9.9,17.3,1.7,0.5,15.6,20.3,101,110,-0.1,1.2,1.1,.049,-1.6,0.1,-1.5,0.1
242,Tim Frazier\fraziti01,2018-19,28,TOT,NBA,59,1120,19,11.7,.387,.207,3.9,11.5,7.7,27.6,1.2,0.4,21.1,13.3,114,114,1.3,0.7,2.0,.084,-1.4,-0.4,-1.8,0.1
243,Trey Lyles\lylestr01,2018-19,23,DEN,NBA,64,1120,2,12.7,.404,.234,4.2,19.6,11.9,11.3,1.3,1.8,11.1,23.4,100,109,-0.2,1.4,1.2,.050,-1.8,-0.7,-2.4,-0.1
244,Ante Žižić\zizican01,2018-19,22,CLE,NBA,59,1082,25,16.2,.000,.399,10.6,22.8,16.4,7.7,0.6,1.8,13.6,18.2,116,117,1.7,0.3,2.0,.087,-1.1,-2.1,-3.2,-0.3
245,Anthony Tolliver\tollian01,2018-19,33,MIN,NBA,65,1079,0,8.6,.830,.232,1.5,16.2,8.8,5.5,0.8,1.7,11.2,12.5,110,115,0.6,0.5,1.2,.052,-1.7,-0.7,-2.4,-0.1
246,Devin Harris\harride01,2018-19,35,DAL,NBA,68,1071,2,10.7,.576,.386,1.2,9.9,5.6,16.7,1.6,1.3,12.1,18.5,107,112,0.6,0.9,1.5,.068,-2.6,0.4,-2.2,-0.1
247,Yogi Ferrell\ferreyo01,2018-19,25,SAC,NBA,71,1067,3,12.7,.423,.190,1.2,9.5,5.3,17.0,1.6,0.3,9.5,16.3,114,114,1.3,0.6,1.9,.087,-1.0,-0.4,-1.4,0.2
248,Jonathon Simmons\simmojo02,2018-19,29,TOT,NBA,56,1064,9,8.5,.297,.277,2.7,10.0,6.3,16.7,1.3,1.2,14.8,18.7,95,111,-0.8,1.1,0.3,.013,-3.9,-0.3,-4.2,-0.6
249,Quinn Cook\cookqu01,2018-19,25,GSW,NBA,74,1059,10,13.1,.456,.059,2.3,13.0,7.9,15.2,0.9,0.2,10.0,20.2,110,113,1.0,0.8,1.8,.082,-0.5,-1.6,-2.1,0.0
250,Nerlens Noel\noelne01,2018-19,24,OKC,NBA,77,1055,2,19.3,.000,.286,12.1,20.0,15.9,5.9,2.9,7.7,13.4,13.8,122,99,1.9,2.5,4.3,.198,-1.2,3.3,2.1,1.1
251,Ivica Zubac\zubaciv01,2018-19,21,TOT,NBA,59,1040,37,18.9,.000,.332,11.9,24.2,18.2,9.1,0.6,4.0,13.9,20.3,116,108,1.9,1.3,3.2,.148,-0.2,-0.2,-0.5,0.4
252,Sterling Brown\brownst02,2018-19,23,MIL,NBA,58,1034,7,10.9,.471,.135,3.0,14.4,9.0,10.7,1.1,0.7,12.2,15.2,109,108,0.7,1.4,2.1,.098,-1.8,0.3,-1.5,0.1
253,Gorgui Dieng\dienggo01,2018-19,29,MIN,NBA,76,1031,2,18.1,.149,.281,8.3,24.1,16.1,10.3,2.2,3.4,11.9,19.6,114,108,1.5,1.3,2.8,.132,-0.3,0.9,0.6,0.7
254,Nik Stauskas\stausni01,2018-19,25,TOT,NBA,68,1015,0,10.9,.556,.189,1.9,11.7,6.8,11.1,1.0,0.6,12.2,17.6,108,115,0.6,0.5,1.1,.052,-0.7,-1.2,-1.9,0.0
255,Alfonzo McKinnie\mckinal01,2018-19,26,GSW,NBA,72,1003,5,11.2,.429,.175,9.0,16.9,13.1,4.0,0.9,1.3,9.2,13.9,116,111,1.2,0.9,2.1,.100,-2.2,-1.3,-3.5,-0.4
256,Tony Parker\parketo01,2018-19,36,CHO,NBA,56,1003,0,15.3,.110,.268,1.5,7.6,4.5,33.3,1.0,0.6,12.7,25.5,106,117,0.6,0.3,0.9,.044,-0.3,-2.3,-2.6,-0.1
257,De'Anthony Melton\meltode01,2018-19,20,PHO,NBA,50,984,31,9.9,.371,.109,2.8,12.5,7.5,22.3,3.3,1.9,21.8,15.0,93,112,-0.8,0.8,0.0,.002,-3.8,1.1,-2.7,-0.2
258,David Nwaba\nwabada01,2018-19,26,CLE,NBA,51,984,14,12.5,.286,.324,4.4,14.4,9.2,8.1,1.8,1.5,8.8,14.6,115,116,1.1,0.3,1.4,.069,-1.8,-0.3,-2.1,0.0
259,Shabazz Napier\napiesh01,2018-19,27,BRK,NBA,56,983,2,15.3,.524,.317,1.9,8.7,5.3,22.2,2.0,1.3,11.7,24.0,109,110,1.0,1.0,2.0,.098,0.9,0.6,1.5,0.9
260,Ian Clark\clarkia01,2018-19,27,NOP,NBA,60,973,6,8.3,.527,.097,1.4,8.0,4.7,12.9,1.1,0.7,12.7,19.3,98,116,-0.4,0.3,-0.1,-.003,-3.3,-1.8,-5.1,-0.8
261,Thon Maker\makerth01,2018-19,21,TOT,NBA,64,972,5,11.3,.571,.313,4.5,17.4,11.0,6.3,1.0,4.4,9.8,14.8,108,106,0.5,1.5,2.0,.099,-2.2,1.0,-1.2,0.2
262,Shaun Livingston\livinsh01,2018-19,33,GSW,NBA,64,967,0,11.7,.010,.243,4.9,7.9,6.5,14.8,1.5,2.3,14.1,12.0,118,112,1.2,0.9,2.0,.101,-1.7,0.7,-1.0,0.2
263,Elie Okobo\okoboel01,2018-19,21,PHO,NBA,53,958,16,7.6,.455,.162,1.4,10.1,5.7,18.7,1.6,0.6,18.2,17.0,94,117,-0.7,0.2,-0.5,-.027,-4.2,-1.5,-5.7,-0.9
264,Jerian Grant\grantje02,2018-19,26,ORL,NBA,60,939,1,10.8,.500,.182,2.1,9.1,5.6,22.4,2.3,0.5,17.7,13.4,108,109,0.5,1.1,1.7,.085,-2.9,1.3,-1.6,0.1
265,Jahlil Okafor\okafoja01,2018-19,23,NOP,NBA,59,935,24,17.9,.014,.246,9.2,21.4,15.4,6.3,0.7,3.5,11.5,19.9,115,112,1.4,0.8,2.2,.115,-0.6,-0.9,-1.5,0.1
266,Dante Cunningham\cunnida01,2018-19,31,SAS,NBA,64,928,21,10.2,.411,.114,5.7,16.3,11.0,6.8,1.4,1.2,11.7,8.9,121,111,1.0,0.9,1.9,.097,-1.3,0.6,-0.6,0.3
267,Daniel Theis\theisda01,2018-19,26,BOS,NBA,66,908,2,17.0,.252,.286,10.2,16.2,13.2,10.5,1.1,4.1,9.9,15.8,128,107,2.3,1.3,3.5,.188,-0.8,0.9,0.0,0.5
268,Cheick Diallo\diallch01,2018-19,22,NOP,NBA,64,896,1,17.5,.015,.247,8.8,29.3,19.2,5.1,1.5,3.0,14.0,16.0,119,108,1.4,1.2,2.6,.140,-1.1,0.1,-0.9,0.2
269,Meyers Leonard\leoname01,2018-19,26,POR,NBA,61,878,2,15.8,.459,.211,6.1,21.8,14.2,11.8,0.7,0.8,14.0,14.8,129,111,2.1,0.9,3.0,.164,1.5,0.3,1.8,0.8
270,Zaza Pachulia\pachuza01,2018-19,34,DET,NBA,68,878,3,13.7,.021,.642,11.9,21.5,16.5,14.7,1.7,1.6,18.7,15.0,114,107,1.1,1.3,2.3,.128,-2.8,1.6,-1.2,0.2
271,Tyson Chandler\chandty01,2018-19,36,TOT,NBA,55,875,6,11.2,.010,.879,11.1,25.3,18.3,5.3,1.1,2.2,23.4,8.5,120,108,0.9,1.2,2.1,.114,-2.9,0.8,-2.1,0.0
272,Patrick Patterson\pattepa01,2018-19,29,OKC,NBA,63,861,5,8.1,.626,.137,4.9,13.0,8.8,4.6,0.9,1.3,8.7,12.0,106,110,0.2,0.9,1.1,.064,-2.0,-0.4,-2.5,-0.1
273,C.J. Miles\milescj01,2018-19,31,TOT,NBA,53,856,1,9.0,.653,.186,1.7,10.3,6.1,6.0,1.5,1.5,8.2,18.6,99,110,-0.2,0.9,0.7,.041,-2.4,-0.5,-2.9,-0.2
274,Antonio Blakeney\blakean01,2018-19,22,CHI,NBA,57,829,3,10.6,.230,.192,0.9,13.1,6.9,8.2,0.7,0.9,7.5,24.5,94,116,-0.8,0.3,-0.5,-.030,-2.4,-2.7,-5.2,-0.7
275,Aron Baynes\baynear01,2018-19,32,BOS,NBA,51,821,18,14.0,.274,.278,11.4,19.8,15.6,9.3,0.7,3.7,13.8,15.2,118,108,1.3,1.1,2.4,.139,-1.8,0.3,-1.5,0.1
276,Harry Giles\gilesha01,2018-19,20,SAC,NBA,58,820,0,14.4,.017,.261,8.1,20.1,14.0,15.2,1.8,2.3,15.8,23.2,102,109,0.0,1.0,1.0,.056,-3.4,0.4,-3.0,-0.2
277,Willy Hernangómez\hernawi01,2018-19,24,CHO,NBA,58,812,3,20.4,.132,.488,15.3,26.3,20.7,11.5,1.0,2.1,13.9,22.1,118,111,1.8,0.8,2.6,.153,1.1,-1.1,-0.1,0.4
278,Dirk Nowitzki\nowitdi01,2018-19,40,DAL,NBA,51,795,20,9.6,.545,.133,0.7,20.5,10.6,6.9,0.5,1.9,4.3,22.5,96,111,-0.5,0.8,0.3,.016,-2.7,-1.2,-3.9,-0.4
279,Jordan Bell\belljo01,2018-19,24,GSW,NBA,68,788,3,12.9,.010,.214,7.8,16.7,12.5,12.3,1.2,5.4,16.7,13.7,109,108,0.5,1.1,1.6,.096,-2.2,1.3,-0.9,0.2
280,Bismack Biyombo\biyombi01,2018-19,26,CHO,NBA,54,783,32,14.4,.000,.583,11.0,23.3,17.0,5.9,0.7,4.6,14.8,12.7,121,110,1.2,0.8,2.0,.125,-2.4,0.0,-2.5,-0.1
281,Troy Daniels\danietr01,2018-19,27,PHO,NBA,51,760,1,9.8,.705,.084,1.9,8.9,5.3,5.0,1.6,0.5,8.7,17.6,104,118,0.2,0.1,0.3,.020,-1.7,-2.0,-3.7,-0.3
282,Cristiano Felício\feliccr01,2018-19,26,CHI,NBA,60,746,0,13.4,.022,.408,11.4,20.5,15.9,7.2,0.7,0.8,13.5,14.3,116,114,0.9,0.4,1.4,.088,-2.0,-2.1,-4.1,-0.4
283,Troy Brown\browntr01,2018-19,19,WAS,NBA,52,730,10,11.1,.295,.201,5.1,16.6,10.8,14.9,1.4,0.6,10.5,16.5,105,115,0.2,0.4,0.6,.039,-1.7,-1.0,-2.7,-0.1
284,Abdel Nader\naderab01,2018-19,25,OKC,NBA,61,694,1,8.8,.465,.167,2.0,15.7,8.6,3.8,1.3,1.5,10.1,15.1,102,108,0.0,0.9,0.9,.062,-3.6,0.3,-3.2,-0.2
285,Boban Marjanović\marjabo01,2018-19,30,TOT,NBA,58,681,12,24.2,.038,.504,14.0,26.9,20.6,12.8,1.1,3.1,15.7,23.3,123,107,2.1,0.9,3.0,.212,2.8,0.3,3.2,0.9
286,Timothé Luwawu-Cabarrot\luwawti01,2018-19,23,TOT,NBA,50,669,7,8.0,.532,.188,1.7,14.1,7.8,5.5,1.4,1.0,8.2,16.6,97,113,-0.3,0.5,0.2,.015,-4.1,-1.1,-5.2,-0.5
287,Aaron Holiday\holidaa01,2018-19,22,IND,NBA,50,646,0,11.9,.485,.191,0.9,10.4,5.8,19.3,1.6,1.8,12.3,21.9,102,108,0.1,0.8,0.9,.065,-1.7,0.1,-1.6,0.1
288,Khem Birch\birchkh01,2018-19,26,ORL,NBA,50,643,1,19.2,.007,.550,13.0,18.8,15.8,8.5,1.4,3.8,9.6,14.1,134,106,1.8,1.0,2.8,.212,0.1,1.0,1.2,0.5
289,Gary Clark\clarkga01,2018-19,24,HOU,NBA,51,641,2,9.2,.914,.046,4.1,16.2,10.0,3.8,1.5,3.5,4.3,10.9,108,110,0.3,0.7,1.0,.071,-1.1,0.4,-0.7,0.2
290,Tyrone Wallace\wallaty01,2018-19,24,LAC,NBA,62,628,0,7.0,.088,.263,3.5,13.2,8.5,9.5,1.6,0.9,12.9,18.7,89,112,-0.8,0.5,-0.3,-.023,-5.6,-0.8,-6.4,-0.7
291,Thabo Sefolosha\sefolth01,2018-19,34,UTA,NBA,50,609,2,12.1,.523,.148,1.4,20.1,10.9,6.1,3.4,0.7,13.6,12.9,107,102,0.2,1.2,1.5,.115,-1.6,3.1,1.5,0.5
292,Semi Ojeleye\ojelese01,2018-19,24,BOS,NBA,56,594,3,8.5,.563,.247,4.3,11.2,7.7,5.1,0.8,0.6,9.8,14.1,106,112,0.2,0.5,0.7,.057,-2.8,-1.2,-4.0,-0.3
293,Amir Johnson\johnsam01,2018-19,31,PHI,NBA,51,529,6,13.1,.255,.261,9.7,19.5,14.7,16.0,1.4,1.9,20.5,17.4,109,109,0.4,0.7,1.1,.098,-2.9,0.6,-2.3,0.0
294,Hamidou Diallo\diallha01,2018-19,20,OKC,NBA,51,526,3,10.1,.145,.358,7.2,12.0,9.5,4.4,1.9,1.6,10.7,16.6,103,108,0.1,0.7,0.8,.069,-4.4,0.2,-4.2,-0.3
295,T.J. Leaf\leaftj01,2018-19,21,IND,NBA,58,522,1,16.9,.169,.169,9.3,17.1,13.3,6.9,0.8,3.2,5.8,17.5,119,107,0.9,0.7,1.6,.148,0.3,-0.6,-0.3,0.2
296,Georges Niang\niangge01,2018-19,25,UTA,NBA,59,516,0,13.0,.580,.133,2.4,15.7,9.1,10.1,0.9,0.9,10.7,17.8,115,108,0.7,0.7,1.3,.123,-0.2,0.2,0.0,0.3
297,Ekpe Udoh\udohek01,2018-19,31,UTA,NBA,51,320,1,20.9,.000,.417,9.3,20.9,15.2,12.8,1.5,7.7,13.2,13.1,135,100,0.9,0.7,1.6,.238,0.8,3.9,4.7,0.5
298,Sindarius Thornwell\thornsi01,2018-19,24,LAC,NBA,64,313,1,5.2,.306,.694,1.7,12.8,7.5,7.2,2.1,1.8,23.8,11.3,88,110,-0.3,0.3,0.0,.004,-5.8,1.0,-4.7,-0.2
299,Quincy Pondexter\pondequ01,2018-19,30,SAS,NBA,53,292,0,13.2,.310,.724,3.0,14.1,8.6,10.6,1.8,0.3,14.5,13.5,123,111,0.5,0.3,0.8,.128,-1.6,0.7,-0.9,0.1