Rk,Player,Season,Age,Tm,Lg,G,MP,GS,FG,FGA,2P,2PA,3P,3PA,FT,FTA,ORB,DRB,TRB,AST,STL,BLK,TOV,PF,PTS,FG%,2P%,3P%,eFG%,FT%,TS%
1,Bradley Beal\bealbr01,2018-19,25,WAS,NBA,82,3028,82,11.9,25.2,8.7,15.8,3.3,9.3,5.7,7.0,1.4,5.0,6.4,7.0,1.9,0.9,3.5,3.5,32.8,.475,.548,.351,.540,.808,.581
2,James Harden\hardeja01,2018-19,29,HOU,NBA,78,2867,78,14.4,32.7,8.0,15.1,6.5,17.6,12.9,14.7,1.1,7.7,8.9,10.0,2.7,1.0,6.6,4.2,48.2,.442,.528,.368,.541,.879,.616
3,Kemba Walker\walkeke02,2018-19,28,CHO,NBA,82,2863,82,12.4,28.6,8.0,16.2,4.4,12.4,6.5,7.6,0.9,5.2,6.1,8.2,1.7,0.6,3.6,2.2,35.7,.434,.494,.356,.511,.844,.558
4,Tobias Harris\harrito02,2018-19,26,TOT,NBA,82,2847,82,10.1,20.8,7.5,14.3,2.6,6.5,4.4,5.1,1.1,9.6,10.7,3.8,0.8,0.6,2.5,3.1,27.3,.487,.528,.397,.549,.866,.592
5,Paul George\georgpa01,2018-19,28,OKC,NBA,77,2841,77,11.6,26.5,6.8,14.1,4.8,12.4,7.4,8.9,1.7,8.6,10.3,5.2,2.8,0.6,3.4,3.5,35.5,.438,.484,.386,.529,.839,.583
6,Damian Lillard\lillada01,2018-19,28,POR,NBA,80,2838,80,11.6,26.2,7.6,15.2,4.0,11.0,8.0,8.8,1.2,5.2,6.3,9.4,1.5,0.6,3.6,2.5,35.3,.444,.499,.369,.522,.912,.588
7,P.J. Tucker\tuckepj01,2018-19,33,HOU,NBA,82,2802,82,3.6,9.2,1.1,2.4,2.6,6.8,0.7,1.0,2.1,6.3,8.4,1.7,2.3,0.7,1.1,4.4,10.5,.396,.449,.377,.535,.695,.547
8,Kevin Durant\duranke01,2018-19,30,GSW,NBA,78,2702,78,12.7,24.4,10.3,17.5,2.4,6.8,7.9,8.9,0.6,8.2,8.8,8.0,1.0,1.5,4.0,2.7,35.7,.521,.587,.353,.571,.885,.631
9,Ben Simmons\simmobe01,2018-19,22,PHI,NBA,79,2700,79,9.4,16.8,9.4,16.7,0.0,0.1,4.5,7.5,3.0,9.2,12.2,10.7,2.0,1.1,4.8,3.7,23.4,.563,.566,.000,.563,.600,.582
10,DeMar DeRozan\derozde01,2018-19,29,SAS,NBA,77,2688,77,11.5,23.9,11.3,23.0,0.1,0.8,6.6,8.0,1.0,7.4,8.4,8.6,1.6,0.7,3.6,3.2,29.7,.481,.492,.156,.483,.830,.542
11,LaMarcus Aldridge\aldrila01,2018-19,33,SAS,NBA,81,2687,81,12.4,24.0,12.3,23.2,0.2,0.8,6.3,7.5,4.6,9.0,13.5,3.5,0.8,1.9,2.6,3.3,31.4,.519,.528,.238,.522,.847,.576
12,Steven Adams\adamsst01,2018-19,25,OKC,NBA,80,2669,80,8.4,14.1,8.4,14.1,0.0,0.0,2.6,5.1,6.8,6.5,13.3,2.2,2.0,1.3,2.4,3.6,19.4,.595,.596,.000,.595,.500,.591
13,Klay Thompson\thompkl01,2018-19,28,GSW,NBA,78,2652,78,11.8,25.2,7.4,14.4,4.3,10.7,2.3,2.8,0.7,4.7,5.4,3.3,1.5,0.8,2.1,2.8,30.1,.467,.516,.402,.553,.816,.571
14,Andre Drummond\drumman01,2018-19,25,DET,NBA,79,2647,79,10.4,19.6,10.4,18.9,0.1,0.7,4.5,7.7,7.9,15.1,22.9,2.1,2.5,2.6,3.3,5.1,25.5,.533,.548,.132,.536,.590,.555
15,Aaron Gordon\gordoaa01,2018-19,23,ORL,NBA,78,2633,78,8.7,19.4,6.5,13.0,2.2,6.4,3.4,4.7,2.4,8.3,10.7,5.4,1.1,1.0,3.0,3.2,23.2,.449,.499,.349,.507,.731,.538
16,Russell Westbrook\westbru01,2018-19,30,OKC,NBA,73,2630,73,11.2,26.1,9.1,18.8,2.1,7.3,5.3,8.0,1.9,12.4,14.3,13.9,2.5,0.6,5.8,4.3,29.7,.428,.481,.290,.468,.656,.501
17,Blake Griffin\griffbl01,2018-19,29,DET,NBA,75,2622,75,11.6,25.2,8.1,15.4,3.6,9.8,7.8,10.3,1.9,8.7,10.6,7.6,1.0,0.5,4.8,3.7,34.6,.462,.525,.362,.532,.753,.581
18,Buddy Hield\hieldbu01,2018-19,26,SAC,NBA,82,2615,82,11.1,24.2,6.1,12.6,4.9,11.6,3.0,3.4,1.9,5.4,7.3,3.6,1.0,0.6,2.6,3.6,30.2,.458,.487,.427,.560,.886,.587
19,Jerami Grant\grantje01,2018-19,24,OKC,NBA,80,2612,77,7.3,14.7,5.3,9.5,2.1,5.2,2.8,3.9,1.7,5.7,7.5,1.4,1.1,1.8,1.2,3.8,19.5,.497,.555,.392,.567,.710,.592
20,Justin Holiday\holidju01,2018-19,29,TOT,NBA,82,2607,77,5.6,14.6,2.6,5.9,3.0,8.8,1.8,2.0,0.9,5.2,6.1,2.7,2.3,0.7,2.0,3.1,16.1,.386,.442,.348,.490,.896,.520
21,Collin Sexton\sextoco01,2018-19,20,CLE,NBA,82,2605,72,9.9,23.0,7.6,17.4,2.3,5.6,4.1,4.9,1.1,3.4,4.5,4.6,0.8,0.1,3.5,3.5,26.1,.430,.440,.402,.480,.839,.520
22,Donovan Mitchell\mitchdo01,2018-19,22,UTA,NBA,77,2598,77,12.2,28.2,8.7,18.6,3.5,9.6,5.9,7.3,1.1,4.7,5.8,5.9,2.0,0.6,4.0,3.8,33.7,.432,.468,.362,.493,.806,.537
23,Rudy Gobert\goberru01,2018-19,26,UTA,NBA,81,2577,80,8.8,13.2,8.8,13.2,0.0,0.0,6.2,9.7,5.7,13.6,19.3,3.0,1.2,3.5,2.4,4.3,23.8,.669,.669,,.669,.636,.682
24,Bojan Bogdanović\bogdabo02,2018-19,29,IND,NBA,81,2573,81,9.9,20.0,6.8,12.6,3.1,7.3,4.7,5.8,0.6,5.7,6.3,3.1,1.3,0.0,2.5,2.6,27.6,.497,.538,.425,.575,.807,.613
25,Joe Ingles\inglejo01,2018-19,31,UTA,NBA,82,2568,82,6.7,14.9,3.2,5.9,3.5,9.0,1.6,2.3,0.7,5.5,6.1,8.7,1.8,0.4,3.6,3.4,18.5,.448,.533,.391,.565,.707,.581
26,Evan Fournier\fournev01,2018-19,26,ORL,NBA,81,2553,81,9.0,20.5,6.0,11.9,2.9,8.6,2.6,3.3,0.7,4.2,4.9,5.7,1.4,0.2,3.0,4.3,23.5,.438,.509,.340,.509,.806,.536
27,Pascal Siakam\siakapa01,2018-19,24,TOR,NBA,80,2548,79,9.8,17.8,8.3,13.7,1.5,4.0,4.5,5.7,2.3,8.0,10.3,4.7,1.4,1.0,2.9,4.5,25.5,.549,.602,.369,.591,.785,.628
28,De'Aaron Fox\foxde01,2018-19,21,SAC,NBA,81,2546,81,9.2,20.1,7.7,15.9,1.6,4.2,5.5,7.6,0.8,4.8,5.6,10.8,2.4,0.8,4.1,3.7,25.6,.458,.482,.371,.497,.727,.544
29,Karl-Anthony Towns\townska01,2018-19,23,MIN,NBA,77,2545,77,12.8,24.7,10.1,18.1,2.7,6.7,7.1,8.5,5.0,13.0,18.0,4.9,1.3,2.4,4.5,5.5,35.4,.518,.562,.400,.572,.836,.622
30,Andrew Wiggins\wiggian01,2018-19,23,MIN,NBA,73,2543,73,9.4,22.8,7.2,16.2,2.2,6.6,3.9,5.6,1.6,5.1,6.6,3.5,1.3,0.9,2.6,2.9,24.9,.412,.441,.339,.461,.699,.493
31,Josh Richardson\richajo01,2018-19,25,MIA,NBA,73,2539,73,8.1,19.7,5.0,10.9,3.2,8.9,3.8,4.4,1.0,4.0,5.1,5.7,1.5,0.7,2.2,3.8,23.3,.412,.458,.357,.492,.861,.536
32,Harrison Barnes\barneha02,2018-19,26,TOT,NBA,77,2533,77,8.1,19.4,4.8,11.0,3.3,8.3,4.3,5.2,1.1,5.7,6.8,2.2,0.9,0.2,1.8,2.3,23.8,.420,.439,.395,.504,.824,.550
33,Nikola Vučević\vucevni01,2018-19,28,ORL,NBA,80,2510,80,13.7,26.4,12.0,21.9,1.6,4.5,3.5,4.4,4.4,14.3,18.7,6.0,1.6,1.7,3.1,3.1,32.5,.518,.549,.364,.549,.789,.573
34,Nikola Jokić\jokicni01,2018-19,23,DEN,NBA,80,2504,80,12.1,23.7,10.5,18.4,1.6,5.3,5.7,6.9,4.5,12.5,17.0,11.4,2.1,1.1,4.9,4.5,31.5,.511,.569,.307,.545,.821,.589
35,Trae Young\youngtr01,2018-19,20,ATL,NBA,81,2503,81,9.7,23.2,6.8,14.3,2.9,8.9,6.3,7.6,1.2,4.4,5.6,12.1,1.3,0.3,5.7,2.6,28.6,.418,.477,.324,.480,.829,.539
36,Thaddeus Young\youngth01,2018-19,30,IND,NBA,81,2489,81,8.7,16.5,7.7,13.7,1.0,2.9,1.7,2.7,3.8,6.5,10.3,4.0,2.4,0.7,2.4,3.8,20.1,.527,.564,.349,.557,.644,.569
37,Jayson Tatum\tatumja01,2018-19,20,BOS,NBA,79,2455,79,9.1,20.3,6.9,14.2,2.3,6.1,3.8,4.5,1.4,8.0,9.4,3.3,1.6,1.1,2.4,3.3,24.4,.450,.483,.373,.506,.855,.547
38,D'Angelo Russell\russeda01,2018-19,22,BRK,NBA,81,2448,81,12.8,29.5,8.3,17.1,4.5,12.3,3.1,4.0,1.0,5.1,6.1,10.9,1.9,0.4,4.9,2.7,33.3,.434,.482,.369,.512,.780,.533
39,Jamal Murray\murraja01,2018-19,21,DEN,NBA,75,2447,74,10.3,23.5,7.2,15.2,3.1,8.3,3.8,4.5,1.3,5.1,6.4,7.3,1.3,0.5,3.2,3.1,27.4,.437,.476,.367,.502,.848,.538
40,Cedi Osman\osmande01,2018-19,23,CLE,NBA,76,2444,75,7.3,17.2,4.7,9.6,2.6,7.6,2.9,3.7,0.9,6.3,7.3,4.0,1.2,0.2,2.3,4.0,20.1,.427,.489,.348,.504,.779,.536
41,Marc Gasol\gasolma01,2018-19,34,TOT,NBA,79,2436,72,7.9,17.6,5.9,12.1,2.0,5.5,3.9,5.1,1.6,11.1,12.7,7.1,1.7,1.7,3.1,4.4,21.6,.448,.487,.363,.505,.759,.546
42,Mikal Bridges\bridgmi01,2018-19,22,PHO,NBA,82,2417,56,4.8,11.1,2.7,4.9,2.1,6.2,1.9,2.3,1.1,4.1,5.2,3.4,2.5,0.8,1.4,4.0,13.5,.430,.548,.335,.523,.805,.556
43,Jrue Holiday\holidjr01,2018-19,28,NOP,NBA,67,2402,67,10.6,22.4,8.3,15.4,2.3,7.0,4.0,5.2,1.5,5.0,6.5,10.0,2.1,1.0,4.1,2.9,27.5,.472,.539,.325,.523,.768,.555
44,Khris Middleton\middlkh01,2018-19,27,MIL,NBA,77,2393,77,9.8,22.3,6.4,13.1,3.5,9.2,4.2,5.0,1.0,8.0,9.0,6.4,1.6,0.1,3.4,3.3,27.3,.441,.485,.378,.519,.837,.558
45,J.J. Redick\redicjj01,2018-19,34,PHI,NBA,76,2379,63,9.0,20.4,4.2,8.4,4.8,12.0,4.5,5.1,0.4,3.3,3.7,4.1,0.6,0.3,2.0,2.6,27.2,.440,.502,.397,.557,.894,.602
46,CJ McCollum\mccolcj01,2018-19,27,POR,NBA,70,2375,70,11.6,25.3,8.2,16.3,3.4,9.1,3.2,3.9,1.3,4.5,5.8,4.2,1.1,0.6,2.2,3.5,29.9,.459,.506,.375,.527,.828,.553
47,Giannis Antetokounmpo\antetgi01,2018-19,24,MIL,NBA,72,2358,72,14.2,24.6,13.2,20.6,1.0,4.0,9.9,13.5,3.1,14.6,17.7,8.4,1.8,2.2,5.3,4.6,39.3,.578,.641,.256,.599,.729,.644
48,Nicolas Batum\batumni01,2018-19,30,CHO,NBA,75,2354,72,5.2,11.6,2.8,5.5,2.4,6.2,1.6,1.8,1.5,6.6,8.1,5.1,1.5,0.9,2.4,2.9,14.4,.450,.519,.389,.553,.865,.581
49,Trevor Ariza\arizatr01,2018-19,33,TOT,NBA,69,2349,69,5.9,14.9,3.0,6.1,2.9,8.8,2.6,3.3,1.0,6.5,7.5,5.1,1.8,0.4,2.1,2.6,17.5,.399,.493,.334,.498,.793,.534
50,Mike Conley\conlemi01,2018-19,31,MEM,NBA,70,2342,70,10.4,23.8,7.1,14.7,3.3,9.0,7.3,8.6,0.8,4.2,5.1,9.5,2.0,0.5,2.8,2.6,31.4,.438,.483,.364,.507,.845,.569
51,Stephen Curry\curryst01,2018-19,30,GSW,NBA,69,2331,69,12.9,27.3,5.7,10.8,7.2,16.5,5.4,5.9,0.9,6.6,7.5,7.4,1.9,0.5,3.9,3.4,38.4,.472,.525,.437,.604,.916,.641
52,Brook Lopez\lopezbr01,2018-19,30,MIL,NBA,81,2322,81,7.1,15.7,3.4,5.5,3.7,10.2,2.2,2.7,0.7,7.3,7.9,2.0,1.0,3.6,1.6,3.8,20.2,.452,.613,.365,.571,.842,.597
53,Luka Dončić\doncilu01,2018-19,19,DAL,NBA,72,2318,72,10.6,24.8,7.1,14.1,3.5,10.8,7.2,10.1,1.8,10.0,11.8,9.0,1.6,0.5,5.2,2.9,31.9,.427,.503,.327,.497,.713,.545
54,Kyle Kuzma\kuzmaky01,2018-19,23,LAL,NBA,70,2314,68,10.0,21.9,7.4,13.4,2.6,8.5,3.8,5.0,1.2,6.5,7.7,3.6,0.8,0.5,2.7,3.4,26.3,.456,.553,.303,.515,.752,.546
55,Dennis Schröder\schrode01,2018-19,25,OKC,NBA,79,2314,14,9.2,22.3,6.7,14.9,2.5,7.3,3.8,4.6,0.8,5.0,5.7,6.5,1.3,0.2,3.5,3.8,24.7,.414,.450,.341,.470,.819,.508
56,Bryn Forbes\forbebr01,2018-19,25,SAS,NBA,82,2293,81,7.7,16.8,3.9,8.1,3.7,8.8,1.5,1.7,0.4,4.7,5.1,3.7,1.0,0.1,1.7,3.4,20.6,.456,.489,.426,.568,.885,.586
57,Joe Harris\harrijo01,2018-19,27,BRK,NBA,76,2293,76,7.8,15.5,4.0,7.5,3.8,8.0,2.3,2.8,1.1,5.0,6.0,3.8,0.8,0.4,2.5,3.8,21.6,.500,.528,.474,.622,.827,.645
58,Al-Farouq Aminu\aminual01,2018-19,28,POR,NBA,81,2292,81,5.4,12.5,3.4,6.6,2.0,5.9,3.2,3.7,2.4,10.5,12.9,2.2,1.4,0.7,1.5,3.0,16.1,.433,.514,.343,.514,.867,.568
59,Reggie Jackson\jacksre01,2018-19,28,DET,NBA,82,2289,82,9.5,22.6,5.8,12.4,3.7,10.1,4.4,5.1,1.0,3.7,4.7,7.4,1.2,0.2,3.2,4.5,27.1,.421,.464,.369,.504,.864,.547
60,Eric Bledsoe\bledser01,2018-19,29,MIL,NBA,78,2272,78,9.6,19.9,7.1,12.2,2.5,7.7,3.6,4.8,1.7,5.7,7.4,8.8,2.4,0.6,3.4,3.2,25.4,.484,.582,.329,.548,.750,.577
61,D.J. Augustin\augusdj01,2018-19,31,ORL,NBA,81,2269,81,6.9,14.6,4.0,7.9,2.8,6.7,3.9,4.5,0.9,3.5,4.4,9.2,1.1,0.1,2.8,2.5,20.4,.470,.511,.421,.566,.866,.616
62,Jeremy Lamb\lambje01,2018-19,26,CHO,NBA,79,2250,55,9.3,21.2,6.8,14.0,2.5,7.1,5.0,5.6,1.4,8.0,9.4,3.7,1.9,0.7,1.7,3.0,26.1,.440,.487,.348,.499,.888,.552
63,Clint Capela\capelca01,2018-19,24,HOU,NBA,67,2249,67,10.3,16.0,10.3,16.0,0.0,0.0,3.6,5.7,6.5,12.0,18.5,2.1,1.0,2.2,2.1,3.7,24.3,.648,.648,,.648,.636,.658
64,Devin Booker\bookede01,2018-19,22,PHO,NBA,64,2242,64,12.5,26.7,9.6,17.9,2.9,8.8,8.4,9.7,0.8,4.8,5.6,9.2,1.2,0.3,5.6,4.3,36.2,.467,.536,.326,.521,.866,.584
65,Julius Randle\randlju01,2018-19,24,NOP,NBA,73,2232,49,11.9,22.7,10.5,18.6,1.4,4.1,7.4,10.1,3.4,9.8,13.2,4.8,1.1,0.9,4.3,5.1,32.6,.524,.564,.344,.555,.731,.600
66,Danny Green\greenda02,2018-19,31,TOR,NBA,80,2216,80,6.3,13.6,2.1,4.2,4.3,9.4,0.8,1.0,1.3,5.6,6.9,2.7,1.6,1.1,1.6,3.7,17.8,.465,.487,.455,.622,.841,.632
67,Jordan Clarkson\clarkjo01,2018-19,26,CLE,NBA,81,2214,0,11.9,26.5,8.6,16.5,3.2,10.0,3.6,4.3,1.8,4.2,6.1,4.4,1.3,0.3,3.0,2.5,30.6,.448,.524,.324,.509,.844,.539
68,Kyrie Irving\irvinky01,2018-19,26,BOS,NBA,67,2214,67,13.1,27.0,9.4,17.6,3.8,9.4,4.7,5.3,1.5,5.7,7.3,10.1,2.2,0.7,3.7,3.6,34.7,.487,.533,.401,.557,.873,.592
69,Willie Cauley-Stein\caulewi01,2018-19,25,SAC,NBA,81,2213,81,8.7,15.6,8.6,15.5,0.0,0.0,2.9,5.3,3.8,10.5,14.3,4.1,2.0,1.1,1.8,4.8,20.3,.556,.556,.500,.557,.551,.566
70,Kyle Lowry\lowryky01,2018-19,32,TOR,NBA,65,2213,65,6.6,16.0,3.2,6.2,3.4,9.8,3.5,4.2,0.9,5.9,6.8,12.2,2.0,0.7,3.9,3.6,20.1,.411,.514,.347,.518,.830,.562
71,Marcus Smart\smartma01,2018-19,24,BOS,NBA,80,2200,60,5.2,12.4,2.5,4.8,2.8,7.6,2.3,2.8,1.2,3.9,5.1,7.0,3.1,0.6,2.7,4.4,15.5,.422,.511,.364,.533,.806,.568
72,Jimmy Butler\butleji01,2018-19,29,TOT,NBA,65,2185,65,9.1,19.6,7.6,15.4,1.5,4.2,6.8,7.9,2.6,4.8,7.4,5.7,2.7,0.8,2.1,2.4,26.3,.462,.494,.347,.499,.855,.571
73,Deandre Ayton\aytonde01,2018-19,20,PHO,NBA,71,2183,70,11.1,19.0,11.1,18.9,0.0,0.1,3.1,4.1,4.9,11.1,15.9,2.7,1.3,1.5,2.8,4.6,25.4,.585,.588,.000,.585,.746,.608
74,Shai Gilgeous-Alexander\gilgesh01,2018-19,20,LAC,NBA,82,2174,73,7.4,15.5,6.3,12.5,1.1,3.0,3.4,4.2,1.2,3.8,5.0,5.9,2.1,1.0,3.1,3.8,19.3,.476,.503,.367,.512,.800,.554
75,Zach LaVine\lavinza01,2018-19,23,CHI,NBA,63,2171,62,11.8,25.4,9.2,18.2,2.7,7.2,7.0,8.4,0.9,5.7,6.6,6.3,1.3,0.6,4.8,3.1,33.3,.467,.504,.374,.520,.832,.574
76,Jae Crowder\crowdja01,2018-19,28,UTA,NBA,80,2166,11,7.0,17.6,3.2,6.1,3.8,11.5,3.1,4.4,1.3,7.2,8.5,2.9,1.4,0.7,1.9,3.8,21.0,.399,.527,.331,.508,.721,.538
77,Tomáš Satoranský\satorto01,2018-19,27,WAS,NBA,80,2164,54,5.6,11.6,4.2,8.1,1.4,3.5,2.9,3.5,1.8,4.3,6.1,8.7,1.8,0.3,2.6,3.8,15.5,.485,.524,.395,.545,.819,.590
78,Eric Gordon\gordoer01,2018-19,30,HOU,NBA,68,2158,53,8.7,21.3,3.8,7.7,4.9,13.6,2.7,3.5,0.4,3.0,3.4,2.9,0.9,0.6,2.0,3.3,25.1,.409,.497,.360,.525,.783,.549
79,Montrezl Harrell\harremo01,2018-19,25,LAC,NBA,82,2158,5,11.9,19.4,11.9,19.0,0.1,0.4,5.8,9.1,4.0,7.7,11.7,3.5,1.6,2.4,2.9,5.6,29.8,.615,.623,.176,.617,.643,.636
80,Kevin Knox\knoxke01,2018-19,19,NYK,NBA,75,2158,57,7.5,20.4,4.8,12.3,2.8,8.1,3.6,5.0,1.4,6.1,7.5,1.8,1.0,0.5,2.5,3.9,21.5,.370,.387,.343,.438,.717,.475
81,Joel Embiid\embiijo01,2018-19,24,PHI,NBA,64,2154,64,12.7,26.3,11.0,20.5,1.7,5.8,11.4,14.2,3.5,15.6,19.1,5.1,1.0,2.7,5.0,4.6,38.6,.484,.535,.300,.517,.804,.593
82,Terrence Ross\rosste01,2018-19,27,ORL,NBA,81,2150,0,10.0,23.4,5.1,10.5,4.9,12.9,2.9,3.3,0.6,5.8,6.4,3.1,1.6,0.7,2.0,2.7,27.8,.428,.484,.383,.534,.875,.561
83,Darren Collison\collida01,2018-19,31,IND,NBA,76,2143,76,7.0,15.0,5.2,10.6,1.8,4.4,3.6,4.3,0.8,4.5,5.3,10.5,2.5,0.2,2.9,3.1,19.5,.467,.492,.407,.527,.832,.574
84,Patrick Beverley\beverpa01,2018-19,30,LAC,NBA,78,2137,49,4.3,10.5,1.8,4.3,2.5,6.2,2.1,2.7,1.7,6.9,8.6,6.6,1.5,0.9,1.9,5.9,13.2,.407,.421,.397,.524,.780,.561
85,Marvin Williams\willima02,2018-19,32,CHO,NBA,75,2133,75,6.3,14.9,3.1,6.2,3.2,8.7,1.5,2.0,1.7,7.5,9.3,2.1,1.6,1.4,1.1,3.6,17.2,.422,.500,.366,.529,.767,.548
86,Myles Turner\turnemy01,2018-19,22,IND,NBA,74,2119,74,8.8,18.0,7.0,13.5,1.8,4.5,3.4,4.6,2.3,9.9,12.3,2.7,1.4,4.6,2.3,4.5,22.7,.487,.521,.388,.536,.736,.567
87,Jeff Green\greenje02,2018-19,32,WAS,NBA,77,2097,44,7.4,15.5,4.9,8.3,2.5,7.2,4.1,4.7,1.3,5.7,7.0,3.1,1.0,0.9,2.3,3.6,21.4,.475,.586,.347,.555,.888,.608
88,Jarrett Allen\allenja01,2018-19,20,BRK,NBA,80,2096,80,7.6,12.9,7.5,11.9,0.1,1.0,4.5,6.3,4.3,10.9,15.3,2.5,1.0,2.7,2.3,4.2,19.8,.590,.629,.133,.595,.709,.632
89,Wesley Matthews\matthwe02,2018-19,32,TOT,NBA,69,2091,68,6.5,16.2,3.0,6.9,3.5,9.4,3.1,3.8,0.7,3.2,4.0,3.7,1.3,0.4,2.1,3.7,19.5,.400,.437,.372,.507,.810,.546
90,Marcus Morris\morrima03,2018-19,29,BOS,NBA,75,2091,53,8.7,19.4,5.3,10.5,3.4,9.0,3.4,4.0,1.8,8.8,10.6,2.5,1.0,0.6,2.1,4.2,24.1,.447,.508,.375,.533,.844,.568
91,Draymond Green\greendr01,2018-19,28,GSW,NBA,66,2065,66,4.3,9.7,3.2,5.9,1.1,3.8,1.5,2.1,1.4,9.7,11.1,10.5,2.2,1.6,3.9,4.5,11.2,.445,.549,.285,.501,.692,.526
92,Cory Joseph\josepco01,2018-19,27,IND,NBA,82,2063,9,5.4,13.0,4.1,8.9,1.3,4.1,0.7,1.0,0.9,5.7,6.6,7.6,2.2,0.5,1.9,3.1,12.7,.412,.454,.322,.463,.698,.474
93,Danilo Gallinari\gallida01,2018-19,30,LAC,NBA,68,2059,68,9.4,20.3,5.7,11.7,3.7,8.5,8.4,9.3,1.2,8.3,9.6,4.1,1.1,0.5,2.3,3.0,30.9,.463,.484,.433,.554,.904,.633
94,Tim Hardaway\hardati02,2018-19,26,TOT,NBA,65,2057,63,9.2,23.3,5.4,12.1,3.8,11.2,5.4,6.5,0.8,4.4,5.2,3.7,1.3,0.2,2.5,3.3,27.6,.393,.442,.340,.474,.841,.527
95,Kevin Huerter\huertke01,2018-19,20,ATL,NBA,75,2048,59,6.2,14.8,3.1,6.9,3.1,8.0,0.9,1.3,1.4,4.2,5.5,4.8,1.5,0.6,2.5,3.5,16.4,.419,.457,.385,.522,.732,.533
96,DeAndre Jordan\jordade01,2018-19,30,TOT,NBA,69,2047,69,6.8,10.6,6.8,10.6,0.0,0.0,4.4,6.2,5.3,16.0,21.3,3.7,1.0,1.7,3.6,4.0,17.9,.641,.641,,.641,.705,.674
97,Kawhi Leonard\leonaka01,2018-19,27,TOR,NBA,60,2040,60,13.2,26.5,10.5,19.4,2.6,7.1,8.6,10.0,1.8,8.5,10.3,4.7,2.5,0.6,2.8,2.0,37.5,.496,.542,.371,.546,.854,.606
98,Garrett Temple\templga01,2018-19,32,TOT,NBA,75,2040,55,5.0,11.9,2.8,5.5,2.2,6.3,1.9,2.6,0.7,4.5,5.2,2.5,1.8,0.7,1.7,4.9,14.1,.422,.515,.341,.513,.748,.543
99,Kentavious Caldwell-Pope\caldwke01,2018-19,25,LAL,NBA,82,2035,23,7.4,17.3,4.0,7.3,3.5,9.9,3.1,3.6,1.1,4.3,5.4,2.5,1.7,0.3,1.5,3.1,21.4,.430,.542,.347,.530,.867,.568
100,Austin Rivers\riverau01,2018-19,26,TOT,NBA,76,2028,15,5.5,13.7,3.1,5.9,2.5,7.8,1.2,2.3,0.6,3.3,3.9,4.0,1.1,0.5,1.6,4.9,14.8,.406,.522,.318,.497,.526,.503
101,Dario Šarić\saricda01,2018-19,24,TOT,NBA,81,2023,41,7.2,16.4,4.4,8.8,2.8,7.6,3.1,3.5,3.0,7.8,10.8,3.0,1.1,0.2,2.3,4.3,20.3,.437,.499,.365,.522,.880,.563
102,Serge Ibaka\ibakase01,2018-19,29,TOR,NBA,74,2010,51,11.1,20.9,9.9,16.9,1.2,4.0,3.2,4.2,3.7,10.6,14.3,2.4,0.7,2.5,2.7,5.0,26.5,.529,.586,.290,.557,.763,.582
103,Damyean Dotson\dotsoda01,2018-19,24,NYK,NBA,73,2004,40,7.0,16.8,3.9,8.6,3.0,8.2,1.8,2.4,0.8,5.5,6.3,3.2,1.4,0.2,1.7,3.2,18.7,.415,.461,.368,.506,.745,.526
104,Jonathan Isaac\isaacjo01,2018-19,21,ORL,NBA,75,1996,64,6.4,15.0,4.3,8.5,2.1,6.5,2.7,3.3,2.4,7.6,10.1,2.0,1.4,2.4,1.8,3.5,17.7,.429,.510,.323,.499,.815,.537
105,Lou Williams\willilo02,2018-19,32,LAC,NBA,75,1993,1,11.5,26.9,9.0,20.1,2.5,6.9,10.1,11.5,0.9,4.3,5.3,9.5,1.3,0.3,4.3,1.9,35.5,.425,.447,.361,.471,.876,.554
106,Josh Jackson\jacksjo02,2018-19,21,PHO,NBA,79,1988,29,8.3,20.2,6.6,14.8,1.8,5.4,3.4,5.1,1.6,6.7,8.3,4.4,1.8,1.3,4.2,5.0,21.9,.413,.445,.324,.456,.671,.487
107,Dorian Finney-Smith\finnedo01,2018-19,25,DAL,NBA,81,1985,26,5.6,12.9,3.6,6.7,1.9,6.2,1.8,2.5,3.4,6.1,9.5,2.3,1.7,0.9,1.8,4.5,14.9,.432,.544,.311,.507,.709,.530
108,Jusuf Nurkić\nurkiju01,2018-19,24,POR,NBA,72,1974,72,10.3,20.3,10.2,19.6,0.1,0.7,6.9,9.0,6.0,12.4,18.4,5.7,1.7,2.5,4.1,6.1,27.6,.508,.523,.103,.510,.773,.570
109,Al Horford\horfoal01,2018-19,32,BOS,NBA,68,1973,68,9.4,17.7,7.7,12.7,1.8,5.0,1.9,2.3,2.9,8.3,11.2,6.9,1.4,2.1,2.5,3.1,22.6,.535,.604,.360,.586,.821,.605
110,Monte Morris\morrimo01,2018-19,23,DEN,NBA,82,1970,6,8.6,17.5,6.3,11.8,2.3,5.7,1.6,2.0,0.9,4.0,4.8,7.4,1.8,0.1,1.3,2.5,21.2,.493,.531,.414,.560,.802,.577
111,Ryan Arcidiacono\arcidry01,2018-19,24,CHI,NBA,81,1961,32,4.6,10.3,2.6,5.0,2.0,5.4,2.2,2.5,0.7,4.7,5.4,6.7,1.6,0.1,1.6,4.2,13.5,.447,.527,.373,.544,.873,.588
112,Justise Winslow\winslju01,2018-19,22,MIA,NBA,66,1959,52,8.1,18.7,5.7,12.3,2.4,6.4,2.1,3.4,1.6,7.3,8.9,7.0,1.8,0.5,3.5,4.4,20.7,.433,.462,.375,.497,.628,.513
113,Bogdan Bogdanović\bogdabo01,2018-19,26,SAC,NBA,70,1947,17,8.6,20.6,5.4,11.7,3.2,8.9,3.2,3.9,1.0,4.9,5.8,6.4,1.7,0.4,2.8,3.4,23.7,.418,.462,.360,.496,.827,.530
114,LeBron James\jamesle01,2018-19,34,LAL,NBA,55,1937,55,13.4,26.3,10.7,18.4,2.7,7.9,6.7,10.0,1.4,9.8,11.2,10.9,1.7,0.8,4.7,2.3,36.2,.510,.582,.339,.560,.665,.588
115,Kelly Oubre\oubreke01,2018-19,23,TOT,NBA,69,1935,19,9.2,20.7,6.6,12.4,2.7,8.3,4.6,6.0,1.7,6.2,8.0,2.1,2.1,1.5,2.5,4.5,25.8,.445,.530,.320,.510,.775,.551
116,DeAndre' Bembry\bembrde01,2018-19,24,ATL,NBA,82,1931,15,6.6,14.7,5.4,10.6,1.2,4.1,2.1,3.3,1.3,7.3,8.6,4.8,2.5,1.0,3.4,4.5,16.4,.446,.508,.289,.487,.640,.508
117,Terrance Ferguson\fergute01,2018-19,20,OKC,NBA,74,1931,74,4.5,10.4,1.9,3.4,2.6,7.0,0.9,1.2,0.8,2.6,3.4,1.7,1.0,0.4,1.1,5.6,12.4,.429,.560,.366,.552,.725,.566
118,Spencer Dinwiddie\dinwisp01,2018-19,25,BRK,NBA,68,1914,4,9.1,20.6,6.0,11.4,3.1,9.2,7.1,8.9,0.6,3.5,4.1,7.7,1.0,0.4,3.8,4.7,28.4,.442,.528,.335,.517,.806,.580
119,Bam Adebayo\adebaba01,2018-19,21,MIA,NBA,82,1913,28,7.2,12.4,7.1,12.0,0.1,0.4,4.2,5.8,4.2,11.0,15.2,4.7,1.8,1.7,3.1,5.2,18.6,.576,.588,.200,.579,.735,.623
120,Jaylen Brown\brownja02,2018-19,22,BOS,NBA,74,1913,25,9.3,19.9,6.9,13.0,2.4,6.9,3.3,5.1,1.6,6.2,7.9,2.5,1.7,0.8,2.5,4.7,24.3,.465,.529,.344,.525,.658,.547
121,Patty Mills\millspa02,2018-19,30,SAS,NBA,82,1908,1,7.2,17.0,3.1,6.6,4.1,10.3,2.3,2.6,0.6,4.0,4.7,6.3,1.3,0.3,2.4,3.3,20.8,.425,.475,.394,.545,.854,.572
122,Avery Bradley\bradlav01,2018-19,28,TOT,NBA,63,1905,63,6.2,15.2,4.1,9.1,2.2,6.1,1.1,1.3,1.1,3.3,4.4,3.8,1.0,0.4,2.2,4.2,15.7,.408,.446,.351,.479,.860,.496
123,Ricky Rubio\rubiori01,2018-19,28,UTA,NBA,68,1899,67,7.4,18.4,5.4,12.0,2.0,6.4,4.9,5.7,0.8,5.3,6.1,10.5,2.3,0.3,4.5,4.5,21.8,.404,.454,.311,.458,.855,.520
124,Paul Millsap\millspa01,2018-19,33,DEN,NBA,70,1895,65,8.3,17.2,6.8,13.1,1.5,4.1,4.7,6.5,4.0,9.1,13.1,3.7,2.2,1.4,2.5,4.7,22.9,.484,.522,.365,.528,.727,.570
125,Rodney Hood\hoodro01,2018-19,26,TOT,NBA,72,1893,49,7.6,17.5,5.4,11.3,2.2,6.1,3.6,4.0,0.7,3.4,4.1,3.3,1.5,0.3,1.4,3.8,20.9,.435,.478,.356,.498,.884,.545
126,Dwyane Wade\wadedw01,2018-19,37,MIA,NBA,72,1885,2,10.8,24.9,8.6,18.1,2.2,6.8,4.3,6.0,1.8,5.6,7.4,7.8,1.5,1.0,4.3,3.1,28.1,.433,.472,.330,.478,.708,.510
127,Malik Beasley\beaslma01,2018-19,22,DEN,NBA,81,1879,18,9.1,19.3,4.9,8.7,4.3,10.6,1.5,1.7,0.9,4.3,5.2,2.5,1.4,0.3,1.4,3.0,24.0,.474,.560,.402,.584,.848,.599
128,Reggie Bullock\bullore01,2018-19,27,TOT,NBA,63,1879,60,6.3,15.3,2.5,5.2,3.8,10.1,1.9,2.2,0.6,3.9,4.5,3.3,1.0,0.3,1.7,2.8,18.4,.412,.483,.377,.537,.859,.563
129,Gordon Hayward\haywago01,2018-19,28,BOS,NBA,72,1863,18,7.7,16.4,5.7,10.4,2.0,6.0,4.0,4.8,1.3,7.0,8.3,6.3,1.6,0.6,2.7,2.7,21.3,.466,.542,.333,.527,.834,.575
130,Chris Paul\paulch01,2018-19,33,HOU,NBA,58,1857,58,8.0,19.0,4.6,9.6,3.4,9.4,4.6,5.4,1.0,6.0,7.0,12.5,3.0,0.5,4.0,3.9,23.9,.419,.479,.358,.508,.862,.560
131,Anthony Davis\davisan02,2018-19,25,NOP,NBA,56,1850,56,13.3,25.8,12.1,22.1,1.2,3.6,8.6,10.9,4.4,12.5,16.9,5.5,2.2,3.4,2.8,3.3,36.5,.517,.547,.331,.540,.794,.597
132,Rudy Gay\gayru01,2018-19,32,SAS,NBA,69,1842,51,10.0,19.8,8.0,14.9,2.0,4.9,3.2,3.9,1.7,10.8,12.5,4.8,1.4,0.9,3.0,4.2,25.1,.504,.537,.402,.554,.816,.583
133,Domantas Sabonis\sabondo01,2018-19,22,IND,NBA,74,1838,5,11.0,18.6,10.8,18.2,0.2,0.5,5.5,7.7,5.0,13.4,18.4,5.6,1.3,0.8,4.3,6.4,27.8,.590,.592,.529,.596,.715,.630
134,Malcolm Brogdon\brogdma01,2018-19,26,MIL,NBA,64,1832,64,9.6,19.0,7.0,12.8,2.6,6.2,3.6,3.9,1.6,5.7,7.3,5.2,1.2,0.3,2.3,2.6,25.4,.505,.544,.426,.575,.928,.614
135,John Collins\collijo01,2018-19,21,ATL,NBA,61,1829,59,11.7,21.0,10.4,17.0,1.4,4.0,5.1,6.7,5.5,9.5,15.0,3.1,0.6,1.0,3.0,5.0,30.0,.560,.609,.348,.593,.763,.627
136,Marco Belinelli\belinma01,2018-19,32,SAS,NBA,79,1815,1,7.7,18.6,3.7,7.9,4.0,10.6,3.0,3.3,0.4,4.9,5.3,3.6,0.9,0.2,1.9,3.3,22.3,.413,.468,.372,.520,.903,.557
137,Kelly Olynyk\olynyke01,2018-19,27,MIA,NBA,79,1812,36,7.0,15.2,4.0,6.6,3.0,8.6,4.1,5.0,1.9,8.2,10.1,3.8,1.4,1.0,3.1,4.9,21.2,.463,.604,.354,.563,.822,.610
138,Landry Shamet\shamela01,2018-19,21,TOT,NBA,79,1802,27,6.3,14.6,1.9,4.2,4.4,10.4,2.0,2.4,0.6,3.0,3.5,3.1,1.0,0.3,1.2,4.1,18.9,.431,.453,.422,.581,.806,.604
139,Larry Nance\nancela02,2018-19,26,CLE,NBA,67,1795,30,6.9,13.3,6.0,10.5,0.9,2.7,2.7,3.7,4.6,10.6,15.3,5.9,2.8,1.1,2.7,5.3,17.3,.520,.567,.337,.554,.716,.583
140,Terry Rozier\roziete01,2018-19,24,BOS,NBA,79,1791,14,6.9,17.9,3.7,8.8,3.2,9.1,2.0,2.5,0.9,7.4,8.3,6.2,1.8,0.6,1.8,2.7,19.0,.387,.422,.353,.477,.785,.501
141,Nemanja Bjelica\bjeline01,2018-19,30,SAC,NBA,77,1788,70,7.4,15.4,4.7,8.7,2.7,6.7,1.8,2.4,3.3,8.3,11.6,3.8,1.4,1.5,2.1,5.1,19.3,.479,.539,.401,.566,.761,.585
142,Derrick Favors\favorde01,2018-19,27,UTA,NBA,76,1766,70,9.8,16.8,9.4,14.7,0.5,2.1,4.2,6.2,5.6,9.6,15.2,2.4,1.5,2.9,2.3,4.4,24.3,.586,.640,.218,.600,.675,.624
143,Brandon Ingram\ingrabr01,2018-19,21,LAL,NBA,52,1760,52,9.6,19.3,8.8,16.8,0.8,2.5,5.2,7.6,1.1,6.0,7.1,4.1,0.7,0.8,3.4,3.9,25.1,.497,.521,.330,.518,.675,.555
144,Fred VanVleet\vanvlfr01,2018-19,24,TOR,NBA,64,1760,28,6.7,16.3,3.6,8.3,3.0,8.1,2.6,3.1,0.6,4.0,4.5,8.4,1.6,0.5,2.2,3.0,19.1,.410,.441,.378,.503,.843,.539
145,Darius Miller\milleda01,2018-19,28,NOP,NBA,69,1757,15,5.0,12.8,1.5,3.2,3.5,9.6,1.5,1.9,0.4,3.0,3.4,3.9,1.1,0.6,1.6,4.4,15.0,.390,.467,.365,.528,.789,.550
146,Josh Okogie\okogijo01,2018-19,20,MIN,NBA,74,1757,52,5.3,13.9,3.7,8.0,1.6,5.9,3.2,4.4,1.1,4.8,5.9,2.5,2.4,0.9,1.7,4.5,15.5,.386,.464,.279,.445,.728,.492
147,Langston Galloway\gallola01,2018-19,27,DET,NBA,80,1745,4,6.4,16.6,2.6,5.8,3.8,10.7,2.3,2.7,1.4,3.4,4.8,2.4,1.0,0.2,0.7,3.8,19.0,.388,.449,.355,.503,.844,.534
148,Mason Plumlee\plumlma01,2018-19,28,DEN,NBA,82,1731,17,7.4,12.5,7.4,12.3,0.1,0.3,3.1,5.6,4.7,10.2,14.9,6.9,1.9,2.2,3.6,7.2,18.1,.593,.602,.200,.595,.561,.602
149,Derrick White\whitede01,2018-19,24,SAS,NBA,67,1728,55,7.3,15.3,6.0,11.3,1.4,4.0,2.7,3.5,1.0,6.0,7.0,7.4,1.9,1.3,2.7,4.1,18.7,.479,.529,.338,.523,.772,.555
150,Jabari Parker\parkeja01,2018-19,23,TOT,NBA,64,1724,17,10.3,20.9,8.6,15.4,1.7,5.4,3.7,5.1,2.2,9.5,11.7,4.2,1.3,0.8,4.2,4.0,25.9,.493,.556,.313,.533,.712,.560
151,Noah Vonleh\vonleno01,2018-19,23,NYK,NBA,68,1722,57,5.8,12.3,4.5,8.5,1.3,3.8,3.1,4.4,3.2,11.6,14.8,3.6,1.3,1.4,2.5,4.9,16.0,.470,.531,.336,.523,.712,.561
152,Josh Hart\hartjo01,2018-19,23,LAL,NBA,67,1715,22,5.1,12.6,2.6,5.2,2.5,7.4,1.5,2.2,0.9,5.8,6.7,2.5,1.7,1.1,1.6,4.0,14.2,.407,.511,.336,.506,.688,.526
153,DeMarre Carroll\carrode01,2018-19,32,BRK,NBA,67,1703,8,6.3,16.1,3.4,7.4,3.0,8.7,5.1,6.8,1.9,7.9,9.8,2.4,0.9,0.3,2.0,3.2,20.8,.395,.457,.342,.487,.760,.546
154,Delon Wright\wrighde01,2018-19,26,TOT,NBA,75,1699,13,6.9,16.0,5.5,11.2,1.4,4.8,3.4,4.3,2.0,5.7,7.6,7.1,2.5,0.9,2.2,3.0,18.7,.434,.492,.298,.478,.793,.523
155,Miles Bridges\bridgmi02,2018-19,20,CHO,NBA,80,1696,25,6.8,14.7,4.9,8.9,1.9,5.7,1.7,2.2,1.9,7.3,9.3,2.7,1.6,1.4,1.4,3.2,17.1,.464,.553,.325,.527,.753,.548
156,Taj Gibson\gibsota01,2018-19,33,MIN,NBA,70,1686,57,8.6,15.3,8.3,14.3,0.3,1.0,3.8,5.0,4.9,8.1,13.0,2.4,1.5,1.1,2.1,5.3,21.4,.566,.583,.324,.576,.757,.612
157,Otto Porter\porteot01,2018-19,25,TOT,NBA,56,1683,43,8.5,18.2,5.5,11.0,2.9,7.3,2.2,2.7,1.5,7.4,8.9,3.4,2.3,0.9,1.8,3.1,22.1,.465,.504,.406,.546,.813,.569
158,Lauri Markkanen\markkla01,2018-19,21,CHI,NBA,52,1682,51,9.9,22.9,6.4,13.3,3.5,9.6,4.9,5.6,2.1,11.4,13.6,2.2,1.1,1.0,2.5,3.5,28.1,.430,.479,.361,.506,.872,.553
159,Hassan Whiteside\whiteha01,2018-19,29,MIA,NBA,72,1674,53,11.3,19.8,11.3,19.4,0.1,0.5,3.2,7.1,7.5,16.3,23.8,1.6,1.3,4.0,2.8,5.6,25.9,.571,.581,.125,.572,.449,.564
160,JaVale McGee\mcgeeja01,2018-19,31,LAL,NBA,75,1671,62,11.1,17.9,11.1,17.5,0.0,0.3,2.7,4.2,5.4,10.3,15.8,1.4,1.3,4.1,3.0,5.8,25.0,.624,.634,.083,.625,.632,.634
161,Royce O'Neale\onealro01,2018-19,25,UTA,NBA,82,1671,16,4.7,9.8,2.7,4.8,1.9,5.0,0.9,1.2,0.6,7.5,8.2,3.6,1.5,0.7,2.0,4.9,12.2,.475,.569,.386,.574,.762,.589
162,Dwight Powell\poweldw01,2018-19,27,DAL,NBA,77,1662,22,8.5,14.2,7.3,10.5,1.1,3.7,5.7,7.4,4.1,7.9,12.0,3.3,1.3,1.5,2.0,5.9,23.8,.597,.699,.307,.637,.772,.682
163,Kent Bazemore\bazemke01,2018-19,29,ATL,NBA,67,1643,35,7.8,19.4,5.1,11.0,2.7,8.4,3.6,4.9,1.0,6.3,7.3,4.3,2.5,1.2,3.4,4.8,21.9,.402,.465,.320,.472,.726,.507
164,Enes Kanter\kanteen01,2018-19,26,TOT,NBA,67,1640,31,11.0,20.1,10.7,19.1,0.3,1.0,4.6,5.8,7.6,11.8,19.4,3.4,0.9,0.8,3.5,4.9,26.9,.549,.562,.294,.556,.787,.594
165,Gary Harris\harriga01,2018-19,24,DEN,NBA,57,1639,48,8.1,19.1,5.6,11.8,2.5,7.3,3.4,4.3,1.2,3.6,4.8,3.8,1.6,0.6,2.0,3.4,22.1,.424,.476,.339,.488,.799,.526
166,Dāvis Bertāns\bertada01,2018-19,26,SAS,NBA,76,1632,12,6.1,13.6,1.8,3.4,4.3,10.1,1.6,1.8,0.7,7.2,7.9,3.0,1.0,1.0,1.3,4.0,18.1,.450,.513,.429,.610,.883,.632
167,Justin Jackson\jacksju01,2018-19,23,TOT,NBA,81,1614,14,6.3,14.2,3.8,7.0,2.5,7.2,1.8,2.3,1.3,4.9,6.2,2.8,0.9,0.4,0.8,2.9,17.0,.447,.542,.355,.537,.785,.561
168,Dewayne Dedmon\dedmode01,2018-19,29,ATL,NBA,64,1609,52,7.4,15.1,5.1,8.9,2.4,6.2,2.6,3.2,3.0,10.8,13.8,2.6,2.0,2.0,2.4,6.1,19.9,.492,.570,.382,.571,.814,.602
169,Emmanuel Mudiay\mudiaem01,2018-19,22,NYK,NBA,59,1607,42,9.9,22.2,7.8,15.9,2.1,6.3,4.3,5.6,1.0,4.9,5.9,6.8,1.3,0.6,4.2,3.1,26.2,.446,.492,.329,.493,.774,.531
170,Robin Lopez\lopezro01,2018-19,30,CHI,NBA,74,1606,36,9.2,16.2,9.0,15.2,0.2,0.9,2.7,3.7,4.2,4.4,8.6,2.7,0.3,2.4,2.9,3.7,21.3,.568,.589,.226,.575,.724,.598
171,Evan Turner\turneev01,2018-19,30,POR,NBA,73,1605,2,6.2,13.4,5.8,11.8,0.3,1.6,2.3,3.2,1.1,8.8,9.9,8.5,1.0,0.5,3.4,3.3,14.9,.460,.494,.212,.473,.708,.504
172,Jalen Brunson\brunsja01,2018-19,22,DAL,NBA,73,1591,38,8.0,17.2,6.1,11.7,1.9,5.5,2.7,3.7,0.8,4.4,5.2,7.0,1.1,0.1,2.7,3.9,20.7,.467,.523,.348,.523,.725,.549
173,Andre Iguodala\iguodan01,2018-19,35,GSW,NBA,68,1578,13,4.6,9.1,3.1,4.8,1.4,4.3,1.2,2.0,1.4,6.2,7.6,6.5,1.8,1.5,1.6,2.9,11.7,.500,.652,.333,.579,.582,.587
174,Marvin Bagley\baglema01,2018-19,19,SAC,NBA,62,1567,4,10.6,21.0,9.7,18.1,0.9,2.9,5.4,7.8,4.8,9.2,14.0,1.8,1.0,1.8,2.9,3.6,27.4,.504,.534,.313,.525,.691,.562
175,Tyus Jones\jonesty01,2018-19,22,MIN,NBA,68,1560,23,5.7,13.7,4.5,9.8,1.2,3.9,1.8,2.1,0.7,3.4,4.1,10.0,2.5,0.2,1.4,2.4,14.4,.415,.453,.317,.460,.841,.491
176,Taurean Waller-Prince\princta02,2018-19,24,ATL,NBA,55,1552,47,7.8,17.7,4.1,8.3,3.7,9.4,2.8,3.5,0.7,5.3,5.9,3.5,1.6,0.6,3.0,4.2,22.1,.441,.498,.390,.545,.819,.575
177,Rodney McGruder\mcgruro01,2018-19,27,MIA,NBA,66,1550,45,5.9,14.5,3.4,7.4,2.5,7.1,1.6,2.3,1.9,5.6,7.5,3.5,1.1,0.4,2.0,3.6,15.9,.403,.453,.351,.489,.722,.510
178,Alex Len\lenal01,2018-19,25,ATL,NBA,77,1544,31,9.6,19.4,7.4,13.3,2.2,6.1,4.2,6.5,4.7,8.0,12.7,2.6,0.8,2.1,2.9,6.0,25.6,.494,.554,.363,.551,.648,.575
179,Tyler Johnson\johnsty01,2018-19,26,TOT,NBA,57,1529,22,6.9,16.7,4.0,8.4,2.9,8.3,3.0,4.0,1.1,4.4,5.5,5.3,1.7,0.9,2.4,3.1,19.7,.413,.477,.346,.498,.748,.532
180,Jaren Jackson\jacksja02,2018-19,19,MEM,NBA,58,1515,56,9.8,19.3,8.1,14.7,1.7,4.7,5.0,6.5,2.4,6.5,8.9,2.1,1.7,2.7,3.2,7.2,26.2,.506,.553,.359,.549,.766,.591
181,Dennis Smith\smithde03,2018-19,21,TOT,NBA,53,1508,50,8.9,20.9,6.8,14.2,2.1,6.7,3.2,5.0,1.0,3.9,5.0,8.1,2.1,0.6,4.9,4.1,23.2,.428,.477,.322,.479,.635,.502
182,Torrey Craig\craigto01,2018-19,28,DEN,NBA,75,1503,37,5.2,11.8,3.2,5.7,2.0,6.1,1.6,2.3,2.9,5.7,8.6,2.4,1.2,1.5,1.4,5.7,14.1,.442,.569,.324,.526,.700,.547
183,Maxi Kleber\klebima01,2018-19,27,DAL,NBA,71,1502,18,5.7,12.5,3.2,5.4,2.5,7.0,1.9,2.4,2.9,7.7,10.6,2.3,1.2,2.5,1.7,4.6,15.7,.453,.583,.353,.553,.784,.579
184,Thomas Bryant\bryanth01,2018-19,21,WAS,NBA,72,1496,53,9.8,15.9,8.7,12.8,1.0,3.1,3.4,4.3,3.6,10.8,14.4,2.9,0.8,2.1,1.9,4.0,24.0,.616,.685,.333,.648,.781,.674
185,Kevon Looney\looneke01,2018-19,22,GSW,NBA,80,1481,24,7.0,11.1,6.9,10.8,0.0,0.3,2.1,3.4,6.2,7.2,13.4,4.0,1.5,1.7,1.6,6.8,16.1,.625,.641,.100,.627,.619,.636
186,Iman Shumpert\shumpim01,2018-19,28,TOT,NBA,62,1481,41,5.3,14.2,2.3,5.5,3.0,8.7,1.1,1.4,0.9,5.0,5.8,3.6,1.9,0.8,1.6,4.0,14.8,.374,.416,.348,.481,.800,.499
187,Gerald Green\greenge01,2018-19,33,HOU,NBA,73,1473,0,7.7,19.2,2.5,4.6,5.2,14.7,1.9,2.3,1.0,5.1,6.1,1.3,1.1,0.9,1.8,4.2,22.5,.400,.547,.354,.535,.838,.555
188,T.J. McConnell\mccontj01,2018-19,26,PHI,NBA,76,1470,3,7.1,13.5,6.6,12.1,0.4,1.3,0.9,1.2,0.9,4.7,5.6,8.3,2.5,0.5,2.9,3.4,15.5,.525,.546,.333,.542,.784,.555
189,E'Twaun Moore\mooreet01,2018-19,29,NOP,NBA,53,1463,36,8.1,16.9,5.7,11.3,2.4,5.6,1.4,1.9,1.1,2.9,4.0,3.2,1.3,0.3,1.9,3.6,20.1,.481,.506,.432,.553,.763,.567
190,Allonzo Trier\trieral01,2018-19,23,NYK,NBA,64,1459,3,7.7,17.1,5.9,12.8,1.7,4.4,5.9,7.4,1.0,5.5,6.5,3.9,0.9,0.5,3.8,3.9,23.0,.448,.466,.394,.498,.803,.564
191,Bruce Brown\brownbr01,2018-19,22,DET,NBA,74,1449,56,4.3,10.7,3.4,7.5,0.8,3.2,1.5,2.0,1.6,4.7,6.3,3.1,1.4,1.2,1.6,6.1,10.9,.398,.457,.258,.436,.750,.469
192,Ed Davis\davised01,2018-19,29,BRK,NBA,81,1446,1,6.1,9.9,6.1,9.9,0.0,0.1,3.3,5.3,7.1,15.7,22.8,2.0,1.2,1.1,2.1,7.4,15.5,.616,.620,.000,.616,.617,.632
193,Wayne Selden\seldewa01,2018-19,24,TOT,NBA,75,1439,13,6.7,16.4,4.8,10.5,1.9,5.9,2.3,3.1,1.3,4.9,6.1,3.7,1.1,0.4,2.7,4.4,17.5,.406,.456,.316,.463,.728,.491
194,Luke Kennard\kennalu01,2018-19,22,DET,NBA,63,1437,10,7.8,17.8,4.2,8.6,3.6,9.2,1.7,2.1,0.4,5.9,6.3,3.9,0.9,0.3,2.0,3.2,21.0,.438,.486,.394,.540,.836,.560
195,Jeremy Lin\linje01,2018-19,30,TOT,NBA,74,1436,4,7.7,17.6,6.0,11.5,1.8,6.1,5.7,6.8,0.7,5.1,5.8,7.5,1.5,0.4,4.0,4.7,23.0,.440,.517,.294,.491,.838,.558
196,Shaquille Harrison\harrish01,2018-19,25,CHI,NBA,73,1430,11,6.2,14.4,5.4,11.4,0.8,3.0,2.8,4.2,1.1,6.4,7.5,4.7,3.0,1.0,2.0,4.2,16.1,.432,.475,.270,.460,.667,.494
197,Maurice Harkless\harklma01,2018-19,25,POR,NBA,60,1415,53,6.5,13.3,5.3,9.2,1.1,4.1,1.7,2.5,2.6,6.6,9.2,2.5,2.3,1.8,1.5,5.6,15.7,.487,.582,.275,.530,.671,.547
198,Tyreke Evans\evansty01,2018-19,29,IND,NBA,69,1402,18,9.0,23.0,6.3,15.5,2.7,7.5,4.0,5.6,1.2,5.9,7.0,5.8,2.0,0.6,4.1,4.1,24.6,.389,.405,.356,.448,.719,.483
199,Seth Curry\curryse01,2018-19,28,POR,NBA,74,1399,2,7.3,16.1,3.4,7.4,3.9,8.7,1.5,1.8,0.9,3.2,4.2,2.3,1.2,0.4,2.1,3.4,20.1,.456,.463,.450,.577,.846,.595
200,Mike Scott\scottmi01,2018-19,30,TOT,NBA,79,1395,3,5.7,14.2,2.3,5.7,3.4,8.5,0.7,1.1,1.5,7.9,9.3,2.2,0.9,0.4,1.5,5.3,15.5,.400,.399,.401,.520,.667,.528
201,Derrick Rose\rosede01,2018-19,30,MIN,NBA,51,1392,13,12.5,25.9,10.6,20.9,1.9,5.0,4.7,5.5,1.1,3.7,4.8,7.6,1.1,0.4,2.8,2.0,31.6,.482,.509,.370,.518,.856,.557
202,Alec Burks\burksal01,2018-19,27,TOT,NBA,64,1375,24,6.8,16.9,4.7,10.9,2.2,6.0,4.1,5.0,1.1,7.3,8.4,4.6,1.4,0.7,2.3,3.2,20.0,.405,.428,.363,.469,.823,.523
203,JaMychal Green\greenja01,2018-19,28,TOT,NBA,65,1371,6,8.2,16.9,5.7,10.7,2.5,6.3,2.8,3.6,3.7,10.9,14.6,1.8,1.6,1.2,3.1,6.9,21.8,.483,.530,.403,.558,.792,.587
204,Mitchell Robinson\robinmi01,2018-19,20,NYK,NBA,66,1360,19,7.2,10.3,7.2,10.3,0.0,0.0,2.9,4.8,6.3,8.7,15.0,1.3,1.8,5.7,1.2,7.7,17.2,.694,.694,,.694,.600,.692
205,Juan Hernangómez\hernaju01,2018-19,23,DEN,NBA,70,1358,25,5.0,11.4,2.6,4.8,2.4,6.5,2.4,3.1,2.3,7.3,9.6,2.0,1.0,0.9,1.3,3.4,14.8,.439,.541,.365,.545,.767,.580
206,Zach Collins\colliza01,2018-19,21,POR,NBA,77,1356,0,6.8,14.3,5.3,10.0,1.4,4.3,3.4,4.5,3.9,7.7,11.6,2.5,0.9,2.4,2.8,6.2,18.3,.473,.534,.331,.523,.746,.562
207,OG Anunoby\anunoog01,2018-19,21,TOR,NBA,67,1352,6,6.5,14.3,4.1,7.2,2.4,7.2,1.3,2.2,2.1,4.9,7.0,1.7,1.6,0.8,1.9,5.0,16.6,.453,.574,.332,.536,.581,.544
208,Doug McDermott\mcderdo01,2018-19,27,IND,NBA,77,1340,1,7.6,15.4,4.5,7.9,3.1,7.5,2.4,2.9,0.6,3.4,4.0,2.4,0.7,0.3,1.5,3.8,20.6,.491,.569,.408,.590,.835,.617
209,Kyle Korver\korveky01,2018-19,37,TOT,NBA,70,1334,0,7.3,17.4,2.3,4.9,5.0,12.6,2.2,2.6,0.3,5.5,5.9,2.9,0.9,0.4,2.1,3.8,21.7,.416,.467,.397,.559,.822,.582
210,Vince Carter\cartevi01,2018-19,42,ATL,NBA,76,1330,9,6.8,16.3,2.5,5.3,4.3,11.0,1.6,2.3,1.1,5.7,6.7,3.0,1.5,0.9,1.7,4.9,19.5,.419,.480,.389,.550,.712,.565
211,Jake Layman\laymaja01,2018-19,24,POR,NBA,71,1327,33,7.9,15.5,5.7,8.9,2.2,6.6,1.8,2.6,2.0,5.9,7.9,1.9,1.1,1.1,1.7,4.2,19.7,.509,.646,.326,.579,.704,.594
212,Mike Muscala\muscami01,2018-19,27,TOT,NBA,64,1306,10,5.2,13.0,2.0,3.8,3.2,9.2,2.5,3.1,2.1,6.7,8.8,2.7,0.8,1.4,1.7,4.7,16.2,.402,.533,.348,.525,.824,.564
213,Tony Snell\snellto01,2018-19,27,MIL,NBA,74,1304,12,5.8,12.9,2.9,5.6,2.9,7.3,1.3,1.5,1.0,4.6,5.6,2.4,0.9,0.6,0.8,3.2,15.8,.452,.522,.397,.564,.881,.585
214,George Hill\hillge01,2018-19,32,TOT,NBA,60,1302,13,6.2,13.7,4.4,8.1,1.7,5.6,2.5,3.1,1.4,4.0,5.4,4.9,1.9,0.3,1.9,3.7,16.6,.452,.547,.314,.516,.824,.554
215,Bobby Portis\portibo01,2018-19,23,TOT,NBA,50,1299,28,10.3,23.1,7.5,16.1,2.8,7.0,2.8,3.6,4.0,10.8,14.8,2.7,1.3,0.7,2.7,5.3,26.1,.444,.467,.393,.504,.794,.529
216,Wayne Ellington\ellinwa01,2018-19,31,TOT,NBA,53,1297,38,7.0,17.3,1.7,3.2,5.2,14.1,1.5,1.9,0.5,3.5,4.1,2.7,2.0,0.2,1.5,3.5,20.6,.403,.541,.371,.554,.796,.569
217,Rodions Kurucs\kurucro01,2018-19,20,BRK,NBA,63,1294,46,7.4,16.5,5.3,9.7,2.1,6.8,2.6,3.4,2.1,7.0,9.0,1.9,1.5,0.9,2.8,5.4,19.6,.450,.543,.315,.514,.783,.545
218,Jakob Poeltl\poeltja01,2018-19,23,SAS,NBA,77,1273,24,7.2,11.1,7.2,11.1,0.0,0.0,1.9,3.5,6.8,8.9,15.7,3.6,1.1,2.6,1.8,4.8,16.2,.645,.645,,.645,.533,.640
219,Markieff Morris\morrima02,2018-19,29,TOT,NBA,58,1270,16,7.6,18.0,5.0,10.4,2.5,7.5,2.6,3.4,2.3,7.6,9.8,2.9,1.3,0.8,2.0,6.5,20.3,.421,.484,.335,.492,.772,.521
220,Pat Connaughton\connapa01,2018-19,26,MIL,NBA,61,1261,2,6.0,12.9,3.6,5.5,2.4,7.4,1.1,1.5,2.2,7.3,9.5,4.5,1.2,0.9,1.2,3.0,15.5,.466,.647,.330,.560,.725,.573
221,Malik Monk\monkma01,2018-19,20,CHO,NBA,73,1258,0,8.8,22.7,4.6,9.9,4.2,12.8,3.5,3.9,0.6,4.7,5.3,4.5,1.4,0.7,3.3,4.1,25.2,.387,.461,.330,.480,.882,.518
222,Ish Smith\smithis01,2018-19,30,DET,NBA,56,1251,0,8.1,19.3,6.3,14.0,1.7,5.3,1.9,2.4,0.9,4.8,5.7,8.0,1.1,0.4,2.4,4.3,19.7,.419,.455,.326,.464,.758,.485
223,Shelvin Mack\macksh01,2018-19,28,TOT,NBA,57,1246,3,6.5,16.1,4.7,10.9,1.8,5.2,2.3,3.3,0.7,3.4,4.1,7.3,1.9,0.2,2.6,3.3,17.1,.404,.429,.354,.462,.690,.489
224,Rondae Hollis-Jefferson\holliro01,2018-19,24,BRK,NBA,59,1234,21,7.7,18.8,7.4,16.9,0.3,1.9,4.6,7.1,3.2,8.8,12.0,3.7,1.7,1.0,2.6,4.1,20.3,.411,.436,.184,.420,.645,.464
225,Wesley Iwundu\iwundwe01,2018-19,24,ORL,NBA,68,1233,13,4.5,10.9,3.3,7.7,1.2,3.1,3.3,4.1,1.5,5.8,7.3,2.9,1.1,0.9,1.7,4.9,13.5,.412,.431,.367,.465,.816,.531
226,Ersan İlyasova\ilyaser01,2018-19,31,MIL,NBA,67,1231,7,6.3,14.4,4.1,8.3,2.2,6.0,2.3,2.8,3.5,7.9,11.4,2.0,1.2,0.8,1.8,6.5,17.1,.438,.493,.363,.514,.824,.548
227,James Ennis\ennisja01,2018-19,28,TOT,NBA,58,1230,27,5.5,11.6,3.3,5.5,2.2,6.2,2.3,3.2,2.4,4.8,7.2,1.6,1.6,0.9,1.3,5.9,15.4,.469,.601,.353,.563,.716,.590
228,Jared Dudley\dudleja01,2018-19,33,BRK,NBA,59,1220,25,3.9,9.3,1.9,3.4,2.1,5.9,1.2,1.8,1.3,4.7,6.0,3.2,1.4,0.6,1.7,5.1,11.2,.423,.545,.351,.533,.696,.554
229,Jonas Jerebko\jerebjo01,2018-19,31,GSW,NBA,73,1218,6,6.4,13.9,3.7,6.5,2.7,7.3,2.5,3.1,2.8,8.4,11.2,3.7,1.1,0.7,1.7,5.4,17.9,.459,.563,.367,.556,.800,.588
230,Jamal Crawford\crawfja01,2018-19,38,PHO,NBA,64,1211,0,6.9,17.3,4.2,9.3,2.6,8.0,3.7,4.3,0.3,3.0,3.4,9.0,1.3,0.5,3.9,3.0,20.0,.397,.453,.332,.474,.845,.522
231,Stanley Johnson\johnsst04,2018-19,22,TOT,NBA,66,1208,7,6.9,17.7,4.4,9.1,2.5,8.7,2.0,2.6,1.4,7.4,8.7,3.5,2.4,0.6,3.3,4.6,18.3,.389,.484,.288,.459,.781,.485
232,Mario Hezonja\hezonma01,2018-19,23,NYK,NBA,58,1206,24,7.6,18.5,6.0,12.5,1.7,6.1,3.5,4.6,1.1,8.4,9.6,3.5,2.3,0.3,3.5,4.4,20.4,.412,.478,.276,.457,.763,.497
233,Richaun Holmes\holmeri01,2018-19,25,PHO,NBA,70,1184,4,9.0,14.7,9.0,14.7,0.0,0.0,5.2,7.1,4.6,8.7,13.3,2.4,1.7,3.2,2.1,7.8,23.1,.608,.608,,.608,.731,.647
234,Michael Kidd-Gilchrist\kiddgmi01,2018-19,25,CHO,NBA,64,1179,3,6.5,13.7,5.9,11.8,0.7,1.9,3.9,5.1,3.6,6.5,10.1,2.5,1.3,1.6,1.8,6.4,17.6,.476,.498,.340,.500,.772,.553
235,Wilson Chandler\chandwi01,2018-19,31,TOT,NBA,51,1177,33,4.6,11.0,2.2,4.6,2.4,6.3,0.7,1.0,1.9,6.7,8.6,3.3,1.0,0.8,1.8,4.9,12.2,.418,.478,.373,.526,.720,.537
236,Frank Jackson\jacksfr01,2018-19,20,NOP,NBA,61,1169,16,7.7,17.8,5.6,11.1,2.1,6.7,2.1,2.9,1.0,4.3,5.3,2.7,1.0,0.1,1.9,3.7,19.7,.434,.507,.314,.493,.740,.517
237,James Johnson\johnsja01,2018-19,31,MIA,NBA,55,1164,33,6.9,15.9,4.8,9.7,2.1,6.3,2.1,2.9,0.9,6.5,7.4,5.7,1.5,1.1,3.1,4.8,18.0,.433,.496,.336,.499,.714,.522
238,Derrick Jones\jonesde02,2018-19,21,MIA,NBA,60,1153,14,6.8,13.7,5.6,9.9,1.2,3.9,3.1,5.2,4.1,6.1,10.2,1.6,1.9,1.8,1.8,5.2,17.9,.494,.567,.308,.537,.607,.559
239,Norman Powell\powelno01,2018-19,25,TOR,NBA,60,1126,3,8.2,17.0,5.3,9.8,2.9,7.2,2.6,3.2,0.7,5.2,5.9,3.9,1.7,0.6,2.8,4.1,22.0,.483,.543,.400,.568,.827,.596
240,Trey Burke\burketr01,2018-19,26,TOT,NBA,58,1125,8,10.1,23.5,7.7,16.7,2.4,6.8,4.4,5.3,1.2,3.0,4.3,6.8,1.4,0.3,2.1,2.5,27.1,.431,.463,.352,.482,.831,.524
241,Lance Stephenson\stephla01,2018-19,28,LAL,NBA,68,1123,3,7.6,17.9,4.6,9.7,3.0,8.2,2.1,3.0,1.3,7.6,8.9,5.8,1.7,0.3,3.6,4.6,20.3,.426,.472,.371,.510,.685,.529
242,Tim Frazier\fraziti01,2018-19,28,TOT,NBA,59,1120,19,4.8,10.8,3.3,6.6,1.5,4.2,1.7,2.2,1.7,5.3,7.0,10.3,1.2,0.2,3.2,4.6,12.9,.444,.494,.366,.515,.759,.544
243,Trey Lyles\lylestr01,2018-19,23,DEN,NBA,64,1120,2,9.1,21.7,6.8,12.9,2.2,8.8,3.6,5.1,1.9,8.9,10.8,3.8,1.3,1.0,3.0,4.1,23.9,.418,.529,.255,.470,.698,.500
244,Ante Žižić\zizican01,2018-19,22,CLE,NBA,59,1082,25,8.4,15.2,8.4,15.2,0.0,0.0,4.3,6.1,5.0,9.7,14.7,2.4,0.6,1.0,2.8,5.2,21.1,.553,.553,,.553,.705,.590
245,Anthony Tolliver\tollian01,2018-19,33,MIN,NBA,65,1079,0,4.4,11.5,0.8,2.0,3.6,9.5,2.1,2.7,0.7,7.2,7.9,2.0,0.8,0.9,1.6,4.0,14.5,.382,.409,.377,.539,.783,.571
246,Devin Harris\harride01,2018-19,35,DAL,NBA,68,1071,2,6.0,15.7,3.2,6.7,2.8,9.1,4.6,6.1,0.5,4.5,5.1,5.5,1.6,0.7,2.5,6.0,19.4,.380,.476,.310,.470,.761,.527
247,Yogi Ferrell\ferreyo01,2018-19,25,SAC,NBA,71,1067,3,6.7,15.4,4.3,8.9,2.4,6.5,2.6,2.9,0.6,4.2,4.8,6.0,1.6,0.2,1.7,2.8,18.3,.435,.488,.362,.511,.896,.550
248,Jonathon Simmons\simmojo02,2018-19,29,TOT,NBA,56,1064,9,6.1,16.0,4.8,11.2,1.3,4.7,3.3,4.4,1.2,4.5,5.8,5.8,1.3,0.7,3.1,4.1,16.7,.380,.427,.269,.420,.742,.466
249,Quinn Cook\cookqu01,2018-19,25,GSW,NBA,74,1059,10,9.2,19.7,5.5,10.7,3.6,9.0,0.9,1.2,1.0,6.1,7.1,5.2,0.9,0.1,2.2,4.1,22.9,.465,.515,.405,.557,.769,.565
250,Nerlens Noel\noelne01,2018-19,24,OKC,NBA,77,1055,2,7.2,12.2,7.2,12.2,0.0,0.0,2.4,3.5,5.6,8.8,14.4,2.0,2.9,4.2,2.1,7.3,16.7,.587,.587,,.587,.684,.608
251,Ivica Zubac\zubaciv01,2018-19,21,TOT,NBA,59,1040,37,9.6,17.1,9.6,17.1,0.0,0.0,4.6,5.7,5.2,11.1,16.3,2.8,0.6,2.3,3.2,6.2,23.7,.559,.559,,.559,.802,.604
252,Sterling Brown\brownst02,2018-19,23,MIL,NBA,58,1034,7,6.5,14.0,4.1,7.4,2.4,6.6,1.3,1.9,1.3,7.0,8.3,3.8,1.1,0.4,2.1,4.0,16.7,.465,.558,.361,.550,.690,.563
253,Gorgui Dieng\dienggo01,2018-19,29,MIN,NBA,76,1031,2,8.8,17.5,7.9,14.9,0.9,2.6,4.1,4.9,3.8,10.7,14.5,3.3,2.2,1.9,2.6,6.2,22.5,.501,.530,.339,.527,.830,.572
254,Nik Stauskas\stausni01,2018-19,25,TOT,NBA,68,1015,0,6.5,16.3,3.2,7.2,3.4,9.0,2.7,3.1,0.9,5.2,6.1,3.9,1.0,0.3,2.5,2.4,19.2,.402,.440,.372,.506,.891,.545
255,Alfonzo McKinnie\mckinal01,2018-19,26,GSW,NBA,72,1003,5,6.4,13.0,4.4,7.4,2.0,5.6,1.3,2.3,3.8,7.9,11.7,1.5,0.9,0.7,1.4,6.4,16.0,.487,.586,.356,.564,.563,.569
256,Tony Parker\parketo01,2018-19,36,CHO,NBA,56,1003,0,10.3,22.4,9.7,20.0,0.6,2.5,4.4,6.0,0.7,3.3,4.0,10.0,1.0,0.3,3.6,2.6,25.7,.460,.485,.255,.474,.734,.512
257,De'Anthony Melton\meltode01,2018-19,20,PHO,NBA,50,984,31,4.9,12.4,3.4,7.8,1.4,4.6,1.0,1.4,1.2,5.3,6.5,7.7,3.3,1.1,3.6,5.5,12.1,.391,.441,.305,.447,.750,.466
258,David Nwaba\nwabada01,2018-19,26,CLE,NBA,51,984,14,6.4,13.2,5.1,9.4,1.2,3.8,2.9,4.3,2.1,6.2,8.2,2.7,1.8,0.9,1.5,5.4,16.9,.481,.545,.320,.527,.682,.558
259,Shabazz Napier\napiesh01,2018-19,27,BRK,NBA,56,983,2,8.2,21.1,4.5,10.0,3.7,11.0,5.6,6.7,0.9,4.0,4.8,6.9,2.0,0.8,3.2,3.2,25.6,.389,.449,.333,.476,.833,.534
260,Ian Clark\clarkia01,2018-19,27,NOP,NBA,60,973,6,7.2,18.3,4.1,8.6,3.2,9.6,1.6,1.8,0.6,3.6,4.3,4.5,1.1,0.4,2.8,4.5,19.2,.394,.470,.327,.480,.892,.502
261,Thon Maker\makerth01,2018-19,21,TOT,NBA,64,972,5,5.4,13.3,3.0,5.7,2.4,7.6,2.8,4.2,2.0,8.0,10.0,2.2,1.0,2.5,1.6,5.2,16.0,.407,.522,.320,.498,.667,.530
262,Shaun Livingston\livinsh01,2018-19,33,GSW,NBA,64,967,0,5.4,10.3,5.4,10.2,0.0,0.1,2.0,2.5,2.1,3.7,5.8,5.6,1.5,1.3,1.9,3.6,12.7,.519,.524,.000,.519,.784,.555
263,Elie Okobo\okoboel01,2018-19,21,PHO,NBA,53,958,16,5.7,14.5,3.7,7.9,1.9,6.6,1.8,2.3,0.6,4.3,4.9,6.3,1.6,0.3,3.4,5.4,15.2,.393,.475,.295,.460,.787,.489
264,Jerian Grant\grantje02,2018-19,26,ORL,NBA,60,939,1,4.8,11.5,2.7,5.7,2.1,5.7,1.4,2.1,1.0,4.1,5.1,8.1,2.3,0.3,2.7,4.1,13.0,.418,.473,.364,.509,.650,.526
265,Jahlil Okafor\okafoja01,2018-19,23,NOP,NBA,59,935,24,10.5,18.0,10.5,17.7,0.0,0.2,2.9,4.4,4.1,9.7,13.8,2.0,0.7,2.0,2.6,4.8,24.1,.586,.591,.200,.587,.663,.603
266,Dante Cunningham\cunnida01,2018-19,31,SAS,NBA,64,928,21,3.9,8.3,2.4,4.9,1.6,3.4,0.7,0.9,2.5,7.4,9.9,2.6,1.4,0.7,1.2,3.7,10.2,.475,.484,.462,.570,.778,.585
267,Daniel Theis\theisda01,2018-19,26,BOS,NBA,66,908,2,7.7,14.1,6.4,10.6,1.4,3.6,3.0,4.0,4.6,7.3,11.9,3.6,1.1,2.2,1.8,8.5,19.8,.549,.603,.388,.598,.737,.624
268,Cheick Diallo\diallch01,2018-19,22,NOP,NBA,64,896,1,8.7,14.1,8.7,13.8,0.1,0.2,2.6,3.5,3.9,13.3,17.2,1.7,1.5,1.7,2.5,5.9,20.1,.620,.625,.250,.622,.746,.644
269,Meyers Leonard\leoname01,2018-19,26,POR,NBA,61,878,2,7.3,13.3,4.5,7.2,2.8,6.1,2.4,2.8,2.7,10.1,12.9,4.1,0.7,0.5,2.4,5.8,19.7,.545,.626,.450,.649,.843,.675
270,Zaza Pachulia\pachuza01,2018-19,34,DET,NBA,68,878,3,4.8,10.8,4.8,10.6,0.0,0.2,5.4,7.0,5.6,9.3,14.9,5.1,1.7,1.0,3.2,8.5,15.0,.440,.450,.000,.440,.782,.539
271,Tyson Chandler\chandty01,2018-19,36,TOT,NBA,55,875,6,3.3,5.3,3.3,5.2,0.0,0.1,2.7,4.6,4.9,11.5,16.4,2.0,1.1,1.2,2.2,5.9,9.2,.616,.622,.000,.616,.586,.630
272,Patrick Patterson\pattepa01,2018-19,29,OKC,NBA,63,861,5,4.4,11.9,2.0,4.4,2.5,7.4,1.0,1.6,2.3,5.7,8.0,1.7,0.9,0.7,1.2,2.5,12.4,.374,.439,.336,.479,.633,.493
273,C.J. Miles\milescj01,2018-19,31,TOT,NBA,53,856,1,6.3,17.6,2.6,6.1,3.8,11.5,2.7,3.3,0.7,4.6,5.4,2.0,1.5,0.9,1.7,4.5,19.2,.360,.417,.330,.468,.828,.504
274,Antonio Blakeney\blakean01,2018-19,22,CHI,NBA,57,829,3,9.7,23.2,7.6,17.8,2.1,5.3,2.9,4.4,0.4,5.8,6.2,2.5,0.7,0.5,2.0,2.4,24.5,.419,.426,.396,.465,.658,.487
275,Aron Baynes\baynear01,2018-19,32,BOS,NBA,51,821,18,6.2,13.1,4.9,9.5,1.2,3.6,3.1,3.6,5.2,8.9,14.1,3.3,0.7,2.0,2.3,7.3,16.7,.471,.519,.344,.518,.855,.567
276,Harry Giles\gilesha01,2018-19,20,SAC,NBA,58,820,0,9.9,19.8,9.9,19.4,0.0,0.3,3.3,5.2,3.7,8.9,12.6,4.8,1.8,1.2,4.1,8.5,23.2,.503,.512,.000,.503,.637,.526
277,Willy Hernangómez\hernawi01,2018-19,24,CHO,NBA,58,812,3,9.2,17.7,8.3,15.3,0.9,2.3,6.0,8.6,7.0,11.6,18.6,3.6,1.0,1.2,3.5,5.9,25.2,.519,.539,.385,.544,.694,.587
278,Dirk Nowitzki\nowitdi01,2018-19,40,DAL,NBA,51,795,20,8.2,22.9,4.3,10.4,3.9,12.5,2.4,3.1,0.3,9.3,9.6,2.1,0.5,1.1,1.1,4.6,22.8,.359,.415,.312,.444,.780,.469
279,Jordan Bell\belljo01,2018-19,24,GSW,NBA,68,788,3,6.0,11.6,6.0,11.5,0.0,0.1,1.5,2.5,3.3,7.8,11.1,4.6,1.2,3.1,2.5,4.8,13.5,.516,.521,.000,.516,.610,.531
280,Bismack Biyombo\biyombi01,2018-19,26,CHO,NBA,54,783,32,5.5,9.7,5.5,9.7,0.0,0.0,3.6,5.7,5.0,10.3,15.3,2.0,0.7,2.5,2.1,6.4,14.7,.571,.571,,.571,.637,.602
281,Troy Daniels\danietr01,2018-19,27,PHO,NBA,51,760,1,7.1,17.3,2.5,5.1,4.6,12.2,1.1,1.4,0.8,3.8,4.6,1.6,1.6,0.3,1.7,5.0,20.0,.411,.481,.381,.545,.783,.558
282,Cristiano Felício\feliccr01,2018-19,26,CHI,NBA,60,746,0,6.2,11.6,6.2,11.4,0.0,0.3,3.3,4.7,5.1,9.0,14.2,2.4,0.7,0.5,2.1,4.5,15.6,.531,.543,.000,.531,.685,.568
283,Troy Brown\browntr01,2018-19,19,WAS,NBA,52,730,10,6.3,15.2,4.9,10.7,1.4,4.5,2.1,3.0,2.3,7.1,9.4,5.2,1.4,0.3,1.9,3.6,16.1,.415,.455,.319,.462,.681,.487
284,Abdel Nader\naderab01,2018-19,25,OKC,NBA,61,694,1,6.1,14.5,4.0,7.7,2.2,6.7,1.8,2.4,0.9,6.9,7.8,1.3,1.3,0.8,1.7,4.6,16.2,.423,.513,.320,.498,.750,.522
285,Boban Marjanović\marjabo01,2018-19,30,TOT,NBA,58,681,12,11.1,18.0,10.8,17.3,0.3,0.7,6.8,9.1,6.0,12.3,18.4,3.7,1.1,1.9,4.1,6.2,29.3,.615,.624,.400,.623,.748,.664
286,Timothé Luwawu-Cabarrot\luwawti01,2018-19,23,TOT,NBA,50,669,7,5.9,15.7,3.3,7.3,2.6,8.3,2.2,3.0,0.8,6.2,7.0,1.9,1.4,0.6,1.5,5.3,16.6,.376,.451,.310,.459,.756,.489
287,Aaron Holiday\holidaa01,2018-19,22,IND,NBA,50,646,0,8.0,19.8,4.7,10.2,3.3,9.6,3.1,3.8,0.4,4.7,5.1,6.6,1.6,1.0,3.0,5.4,22.3,.401,.459,.339,.483,.820,.518
288,Khem Birch\birchkh01,2018-19,26,ORL,NBA,50,643,1,6.9,11.5,6.9,11.4,0.0,0.1,4.4,6.3,6.0,8.4,14.5,2.9,1.4,2.2,1.5,5.5,18.3,.603,.607,.000,.603,.699,.640
289,Gary Clark\clarkga01,2018-19,24,HOU,NBA,51,641,2,3.8,11.6,0.7,1.0,3.1,10.6,0.5,0.5,1.8,7.0,8.9,1.4,1.5,2.0,0.5,3.6,11.3,.331,.692,.297,.467,1.000,.480
290,Tyrone Wallace\wallaty01,2018-19,24,LAC,NBA,62,628,0,6.9,16.3,6.6,14.9,0.3,1.4,2.3,4.3,1.5,6.1,7.6,3.2,1.6,0.5,2.7,6.2,16.4,.424,.444,.211,.433,.526,.450
291,Thabo Sefolosha\sefolth01,2018-19,34,UTA,NBA,50,609,2,5.6,11.7,2.9,5.6,2.7,6.1,1.1,1.7,0.6,9.0,9.7,2.1,3.4,0.4,2.0,3.2,14.9,.477,.521,.436,.591,.636,.599
292,Semi Ojeleye\ojelese01,2018-19,24,BOS,NBA,56,594,3,5.4,12.8,3.2,5.6,2.3,7.2,1.9,3.2,1.9,5.0,7.0,1.9,0.8,0.3,1.5,3.5,15.1,.424,.565,.315,.513,.615,.531
293,Amir Johnson\johnsam01,2018-19,31,PHI,NBA,51,529,6,7.1,14.0,6.0,10.4,1.1,3.6,2.8,3.7,4.2,8.9,13.1,5.4,1.4,1.2,4.0,8.8,17.9,.503,.573,.300,.541,.756,.574
294,Hamidou Diallo\diallha01,2018-19,20,OKC,NBA,51,526,3,6.7,14.6,6.3,12.5,0.4,2.1,3.2,5.2,3.4,5.2,8.6,1.5,1.9,0.9,2.0,6.8,16.9,.455,.504,.167,.467,.610,.497
295,T.J. Leaf\leaftj01,2018-19,21,IND,NBA,58,522,1,9.3,17.1,8.5,14.2,0.7,2.9,1.8,2.9,4.0,7.7,11.7,2.2,0.8,1.8,1.1,3.3,21.1,.541,.599,.258,.563,.613,.572
296,Georges Niang\niangge01,2018-19,25,UTA,NBA,59,516,0,8.0,16.8,4.0,7.0,4.0,9.7,1.9,2.2,1.0,7.0,8.1,3.2,0.9,0.6,2.1,5.3,21.8,.475,.566,.410,.594,.833,.613
297,Ekpe Udoh\udohek01,2018-19,31,UTA,NBA,51,320,1,7.5,10.8,7.5,10.8,0.0,0.0,2.8,4.5,4.0,9.4,13.5,4.2,1.5,4.6,1.9,5.4,17.8,.694,.694,,.694,.633,.698
298,Sindarius Thornwell\thornsi01,2018-19,24,LAC,NBA,64,313,1,2.6,7.4,2.1,5.1,0.5,2.3,3.8,5.1,0.8,5.9,6.6,2.7,2.1,1.1,3.0,6.2,9.3,.347,.412,.200,.378,.735,.485
299,Quincy Pondexter\pondequ01,2018-19,30,SAS,NBA,53,292,0,4.9,9.7,3.8,6.7,1.0,3.0,5.7,7.0,1.3,6.4,7.7,4.0,1.8,0.2,2.2,4.0,16.4,.500,.575,.333,.552,.810,.641