Player,Season,Age,Tm,Lg,G,MP,GS,FG,FGA,2P,2PA,3P,3PA,FT,FTA,ORB,DRB,TRB,AST,STL,BLK,TOV,PF,PTS,FG%,2P%,3P%,eFG%,FT%,TS%,All NBA Probability Logistic Regression,Type of Player
Tobias Harris,2019-20,27,PHI,NBA,65,2243,65,10.7,22.7,8.2,15.7,2.5,7.0,3.3,4.1,1.2,8.4,9.5,4.4,1.1,0.8,2.1,3.2,27.3,0.472,0.521,0.362,0.528,0.8059999999999999,0.557,0.048474171577528063,Above Average Starter
Devin Booker,2019-20,23,PHO,NBA,62,2241,62,11.5,23.6,8.8,16.2,2.7,7.4,8.6,9.3,0.6,4.9,5.5,8.6,1.0,0.3,5.2,4.0,34.2,0.487,0.544,0.36,0.5429999999999999,0.916,0.617,0.0729934868953159,Above Average Starter
James Harden,2019-20,30,HOU,NBA,61,2241,61,12.5,28.7,6.9,12.8,5.6,15.9,12.8,14.9,1.3,6.7,8.0,9.3,2.2,1.1,5.7,4.3,43.5,0.435,0.5379999999999999,0.35200000000000004,0.5329999999999999,0.861,0.616,0.9490240754865242,Above Average Starter
Bam Adebayo,2019-20,22,MIA,NBA,65,2235,65,8.9,15.7,8.9,15.5,0.0,0.3,5.2,7.5,3.6,11.3,15.0,7.3,1.7,1.9,4.0,3.6,23.1,0.5670000000000001,0.5760000000000001,0.077,0.568,0.69,0.606,0.15371455520341706,Above Average Starter
Harrison Barnes,2019-20,27,SAC,NBA,64,2231,64,7.1,15.5,5.1,10.2,2.0,5.3,4.3,5.3,1.3,5.4,6.7,3.3,0.8,0.2,1.7,1.8,20.6,0.459,0.498,0.383,0.524,0.8029999999999999,0.575,0.0009187318612301906,Above Average Starter
CJ McCollum,2019-20,28,POR,NBA,62,2229,62,11.7,25.9,8.0,16.1,3.7,9.8,2.6,3.5,0.9,4.6,5.4,5.7,1.0,0.8,2.5,3.4,29.8,0.453,0.4970000000000001,0.38,0.525,0.75,0.5429999999999999,0.013983896712027415,Above Average Starter
Shai Gilgeous-Alexander,2019-20,21,OKC,NBA,63,2214,63,9.7,20.6,8.0,15.7,1.7,4.9,5.6,7.0,1.0,7.5,8.4,4.6,1.5,1.0,2.6,2.4,26.7,0.473,0.511,0.35100000000000003,0.514,0.8009999999999999,0.5660000000000001,0.04772768302505422,Above Average Starter
Devonte' Graham,2019-20,24,CHO,NBA,63,2211,53,8.3,21.8,3.4,8.6,4.9,13.3,4.3,5.3,1.0,3.9,4.8,10.7,1.4,0.3,4.1,2.6,25.9,0.382,0.397,0.373,0.495,0.82,0.537,0.013315216906461478,Above Average Starter
P.J. Tucker,2019-20,34,HOU,NBA,64,2203,64,3.4,7.9,1.4,2.5,2.0,5.4,0.8,0.9,2.2,7.1,9.3,2.1,1.5,0.7,1.4,4.4,9.6,0.433,0.573,0.37,0.56,0.841,0.58,6.158191870895247e-05,Above Average Role Player
Donovan Mitchell,2019-20,23,UTA,NBA,63,2165,63,12.6,27.8,9.1,18.2,3.5,9.6,5.6,6.5,1.0,5.2,6.2,5.9,1.5,0.3,3.8,3.5,34.3,0.453,0.501,0.364,0.517,0.8590000000000001,0.56,0.07915550976733622,Above Average Starter
Terry Rozier,2019-20,25,CHO,NBA,63,2164,63,9.2,21.8,5.2,12.0,4.0,9.8,3.8,4.4,1.2,5.2,6.4,6.0,1.4,0.2,3.3,2.9,26.3,0.423,0.436,0.407,0.514,0.8740000000000001,0.5529999999999999,0.0038357720596162944,Below Average Starter
Domantas Sabonis,2019-20,23,IND,NBA,62,2159,62,10.3,19.1,10.0,17.6,0.4,1.5,4.8,6.7,4.3,13.1,17.4,7.0,1.1,0.7,3.8,4.4,25.9,0.54,0.565,0.254,0.55,0.723,0.586,0.26985921011565384,Above Average Starter
Collin Sexton,2019-20,21,CLE,NBA,65,2143,65,11.6,24.7,9.4,18.9,2.2,5.8,5.1,6.1,1.4,3.2,4.6,4.4,1.5,0.2,3.6,3.2,30.6,0.472,0.501,0.38,0.517,0.846,0.56,0.0012094490220656492,Above Average Starter
Rudy Gobert,2019-20,27,UTA,NBA,62,2142,62,8.0,11.5,8.0,11.5,0.0,0.0,5.2,8.4,4.8,14.5,19.3,2.1,1.1,2.8,2.7,4.5,21.3,0.698,0.698,,0.698,0.621,0.7,0.15042715220872907,Above Average Starter
Damian Lillard,2019-20,29,POR,NBA,58,2140,58,11.8,25.9,6.8,13.1,5.0,12.8,8.7,9.8,0.7,4.9,5.6,10.1,1.3,0.5,3.7,2.2,37.3,0.457,0.518,0.394,0.5539999999999999,0.888,0.619,0.5934500099355071,Above Average Starter
Trae Young,2019-20,21,ATL,NBA,60,2120,60,12.0,27.5,7.5,15.0,4.5,12.5,10.6,12.3,0.7,4.9,5.6,12.3,1.4,0.2,6.4,2.3,39.1,0.4370000000000001,0.501,0.361,0.519,0.86,0.595,0.36847497238336174,Above Average Starter
Nikola Jokić,2019-20,24,DEN,NBA,65,2101,65,12.0,22.8,10.4,17.5,1.7,5.3,5.1,6.3,3.6,11.9,15.6,10.5,1.8,1.0,4.7,4.7,30.9,0.528,0.594,0.314,0.565,0.813,0.604,0.5966105778339997,Above Average Starter
LeBron James,2019-20,35,LAL,NBA,60,2094,60,13.3,26.7,10.3,18.1,3.0,8.7,5.4,7.8,1.3,9.4,10.7,14.5,1.7,0.7,5.4,2.4,35.1,0.498,0.57,0.349,0.555,0.6970000000000001,0.5820000000000001,0.9750528855007539,Above Average Starter
DeMar DeRozan,2019-20,30,SAS,NBA,61,2091,61,11.6,22.0,11.4,21.3,0.2,0.7,7.8,9.2,0.9,7.0,7.9,7.8,1.4,0.3,3.4,3.8,31.0,0.526,0.535,0.267,0.53,0.843,0.597,0.03838905267902467,Above Average Starter
Zach LaVine,2019-20,24,CHI,NBA,60,2085,60,12.5,27.7,8.2,16.5,4.3,11.2,6.2,7.7,0.9,5.7,6.7,5.9,2.0,0.6,4.8,3.0,35.3,0.45,0.4970000000000001,0.38,0.526,0.802,0.568,0.1283028682896478,Above Average Starter
Bojan Bogdanović,2019-20,30,UTA,NBA,63,2083,63,9.8,21.9,5.4,11.2,4.4,10.7,5.9,6.5,0.9,5.1,6.1,3.1,0.8,0.2,3.7,2.6,29.8,0.447,0.479,0.414,0.5479999999999999,0.903,0.603,0.003390450044048619,Above Average Starter
Julius Randle,2019-20,25,NYK,NBA,64,2080,64,10.8,23.5,9.3,18.1,1.5,5.4,6.0,8.2,3.5,11.0,14.6,4.6,1.2,0.5,4.5,4.2,29.2,0.46,0.515,0.277,0.4920000000000001,0.733,0.5379999999999999,0.01186247990360439,Above Average Starter
Bradley Beal,2019-20,26,WAS,NBA,57,2053,57,13.5,29.6,9.6,18.7,3.9,10.9,8.8,10.4,1.2,4.3,5.5,7.9,1.6,0.5,4.4,2.9,39.6,0.455,0.515,0.353,0.52,0.8420000000000001,0.579,0.24548850235287373,Above Average Starter
Buddy Hield,2019-20,27,SAC,NBA,64,2045,44,10.9,25.3,5.1,10.6,5.8,14.7,2.7,3.1,1.4,5.9,7.3,4.7,1.4,0.4,3.6,3.6,30.2,0.429,0.477,0.395,0.544,0.855,0.5660000000000001,0.004752663792645285,Above Average Starter
Jayson Tatum,2019-20,21,BOS,NBA,59,2043,59,11.8,26.3,7.9,16.4,4.0,9.9,5.3,6.6,1.3,8.5,9.9,4.1,2.0,1.3,3.1,2.9,32.9,0.448,0.479,0.398,0.523,0.8059999999999999,0.562,0.3923093592159061,Above Average Starter
De'Andre Hunter,2019-20,22,ATL,NBA,63,2018,62,6.5,15.8,4.0,8.8,2.5,7.0,2.5,3.3,1.0,5.6,6.6,2.6,1.0,0.4,2.4,4.2,18.0,0.41,0.454,0.355,0.489,0.764,0.521,2.067543799522307e-05,Below Average Starter
Chris Paul,2019-20,34,OKC,NBA,63,2003,63,9.6,19.6,7.1,12.8,2.5,6.8,5.5,6.1,0.5,7.0,7.5,10.4,2.4,0.2,3.3,3.4,27.1,0.489,0.557,0.362,0.552,0.9,0.609,0.08899071083911812,Above Average Starter
Miles Bridges,2019-20,21,CHO,NBA,65,1995,64,8.0,18.9,5.5,11.4,2.5,7.5,2.7,3.3,2.2,6.9,9.1,2.9,1.0,1.2,2.4,3.3,21.2,0.424,0.486,0.33,0.489,0.809,0.52,0.00022665687230608795,Below Average Starter
Spencer Dinwiddie,2019-20,26,BRK,NBA,64,1994,49,10.1,24.3,7.2,14.8,2.9,9.5,8.3,10.6,0.8,4.5,5.3,10.3,1.0,0.5,4.1,4.3,31.4,0.415,0.485,0.308,0.476,0.778,0.541,0.03106431216660982,Above Average Starter
T.J. Warren,2019-20,26,IND,NBA,61,1984,61,11.3,21.3,9.6,16.8,1.7,4.5,3.7,4.6,1.5,4.4,5.9,2.1,1.7,0.7,1.9,4.2,28.0,0.529,0.5710000000000001,0.375,0.569,0.812,0.599,0.004324800507414437,Above Average Starter
Dennis Schröder,2019-20,26,OKC,NBA,63,1952,1,11.0,23.6,8.0,15.6,3.0,8.0,4.8,5.7,0.5,5.3,5.8,6.4,1.1,0.3,4.0,3.4,29.9,0.468,0.512,0.381,0.532,0.8390000000000001,0.573,0.005127561866994353,Above Average Starter
Duncan Robinson,2019-20,25,MIA,NBA,65,1949,60,7.2,15.4,1.1,1.8,6.1,13.6,1.2,1.3,0.2,5.1,5.3,2.3,0.9,0.4,1.5,4.5,21.7,0.467,0.614,0.448,0.665,0.906,0.6779999999999999,0.00012972478261642615,Above Average Starter
Joe Harris,2019-20,28,BRK,NBA,63,1946,63,8.1,17.2,4.4,8.2,3.7,9.0,1.5,2.0,1.5,5.2,6.6,3.2,0.9,0.4,2.3,3.4,21.4,0.471,0.536,0.412,0.579,0.747,0.5920000000000001,0.0002909580520422594,Below Average Starter
Kelly Oubre,2019-20,24,PHO,NBA,56,1933,55,9.1,20.2,6.5,12.7,2.6,7.5,4.7,6.0,1.6,7.2,8.8,2.1,1.7,1.0,2.0,4.7,25.6,0.452,0.511,0.35200000000000004,0.517,0.78,0.56,0.004754451562704887,Above Average Starter
Evan Fournier,2019-20,27,ORL,NBA,61,1931,61,10.3,22.0,6.1,11.7,4.2,10.3,4.2,5.2,0.4,3.5,4.0,4.9,1.8,0.4,3.0,3.7,29.0,0.47,0.525,0.406,0.564,0.82,0.599,0.003230515136750361,Above Average Starter
Ben Simmons,2019-20,23,PHI,NBA,54,1930,54,9.1,15.5,9.0,15.4,0.1,0.2,4.5,7.1,2.7,7.9,10.6,11.1,2.9,0.8,4.8,4.4,22.7,0.585,0.588,0.333,0.5870000000000001,0.627,0.608,0.21486784894833305,Above Average Starter
Jrue Holiday,2019-20,29,NOP,NBA,55,1922,55,10.1,22.4,7.4,14.6,2.8,7.7,2.9,4.1,1.7,4.8,6.4,9.1,2.2,1.1,3.8,3.0,25.9,0.452,0.502,0.35700000000000004,0.514,0.7,0.535,0.04469325217729641,Above Average Starter
Brandon Ingram,2019-20,22,NOP,NBA,56,1919,56,11.3,24.2,8.0,15.7,3.3,8.5,6.8,7.9,1.2,7.2,8.4,5.8,1.3,0.9,4.2,3.9,32.7,0.466,0.509,0.387,0.534,0.858,0.59,0.05379680756894895,Above Average Starter
Will Barton,2019-20,29,DEN,NBA,58,1916,58,8.6,19.0,5.8,11.6,2.8,7.4,2.6,3.4,2.0,7.4,9.4,5.5,1.6,0.7,2.3,3.1,22.5,0.45,0.498,0.375,0.523,0.767,0.5489999999999999,0.007414550688168808,Above Average Starter
Joe Ingles,2019-20,32,UTA,NBA,64,1916,37,5.5,12.6,2.4,4.7,3.1,7.9,1.7,2.1,0.6,5.9,6.5,8.4,1.5,0.2,3.2,3.4,15.9,0.441,0.516,0.397,0.5660000000000001,0.774,0.588,0.00026234543266827223,Below Average Starter
Aaron Gordon,2019-20,24,ORL,NBA,58,1914,58,8.0,18.5,6.3,12.8,1.7,5.8,3.5,5.2,2.6,8.6,11.2,5.5,1.3,0.9,2.4,3.0,21.2,0.433,0.4920000000000001,0.301,0.479,0.675,0.511,0.006468771091139255,Below Average Starter
Hassan Whiteside,2019-20,30,POR,NBA,61,1911,61,10.4,16.9,10.3,16.7,0.1,0.2,3.8,5.6,6.1,15.6,21.7,1.8,0.6,4.7,2.9,4.5,24.8,0.618,0.619,0.5710000000000001,0.621,0.68,0.6409999999999999,0.1327222428009366,Above Average Starter
Cedi Osman,2019-20,24,CLE,NBA,65,1910,65,6.8,15.5,3.6,7.3,3.1,8.2,1.6,2.4,1.0,4.9,5.9,3.9,1.4,0.4,2.3,4.1,18.3,0.4370000000000001,0.4970000000000001,0.383,0.5379999999999999,0.67,0.552,1.5611789567368714e-05,Below Average Starter
Russell Westbrook,2019-20,31,HOU,NBA,53,1905,53,13.9,29.2,12.6,24.3,1.2,4.9,6.6,8.4,2.3,8.1,10.4,9.0,2.1,0.4,5.8,4.6,35.5,0.474,0.518,0.254,0.495,0.777,0.539,0.47127586746359457,Above Average Starter
Kyle Lowry,2019-20,33,TOR,NBA,52,1901,52,7.8,18.6,3.9,7.8,3.8,10.8,6.4,7.4,0.8,5.5,6.3,10.0,1.8,0.6,3.9,4.2,25.8,0.417,0.505,0.354,0.52,0.861,0.589,0.18993027415314148,Above Average Starter
Dorian Finney-Smith,2019-20,26,DAL,NBA,64,1898,61,5.5,11.7,2.9,4.9,2.5,6.8,1.8,2.5,3.2,5.8,9.0,2.5,1.1,0.9,1.6,3.9,15.2,0.468,0.599,0.374,0.5770000000000001,0.722,0.597,5.9750275628995575e-05,Above Average Role Player
OG Anunoby,2019-20,22,TOR,NBA,63,1897,62,6.7,13.3,4.7,7.8,2.1,5.4,1.5,2.2,1.9,6.7,8.6,2.5,2.2,1.1,1.9,3.9,17.0,0.507,0.593,0.381,0.584,0.6859999999999999,0.598,0.0007248271550718974,Below Average Starter
Anthony Davis,2019-20,26,LAL,NBA,55,1889,55,12.8,25.0,11.2,20.2,1.6,4.9,9.7,11.5,3.1,9.9,13.0,4.3,2.1,3.4,3.4,3.5,37.0,0.511,0.5539999999999999,0.335,0.544,0.845,0.614,0.9578272913640884,Above Average Starter
Pascal Siakam,2019-20,25,TOR,NBA,53,1882,53,11.6,25.4,8.7,17.2,2.9,8.1,5.6,7.0,1.4,8.7,10.1,4.8,1.3,1.2,3.3,3.8,31.8,0.459,0.506,0.359,0.517,0.8,0.5589999999999999,0.3730912697617969,Above Average Starter
Andre Drummond,2019-20,26,TOT,NBA,57,1879,56,10.9,20.5,10.8,19.6,0.1,0.9,4.4,7.7,6.5,16.1,22.6,4.0,2.8,2.4,5.3,5.3,26.4,0.5329999999999999,0.551,0.14300000000000002,0.536,0.575,0.5529999999999999,0.19521303965559197,Above Average Starter
Tomáš Satoranský,2019-20,28,CHI,NBA,65,1878,64,6.1,14.1,4.4,9.0,1.6,5.1,2.7,3.1,1.9,4.6,6.5,9.1,2.1,0.2,3.3,3.5,16.5,0.43,0.491,0.322,0.488,0.8759999999999999,0.5329999999999999,0.00018961931128974206,Below Average Starter
Robert Covington,2019-20,29,TOT,NBA,62,1867,60,7.0,16.1,3.3,5.6,3.7,10.5,2.1,2.7,1.3,8.5,9.9,1.8,2.4,2.0,2.3,4.9,19.7,0.4320000000000001,0.589,0.349,0.546,0.7959999999999999,0.5710000000000001,0.00043595104831800684,Below Average Starter
Royce O'Neale,2019-20,26,UTA,NBA,64,1862,55,3.7,8.4,1.5,2.9,2.1,5.5,0.9,1.3,0.6,8.3,8.9,4.3,1.2,0.7,1.3,4.7,10.5,0.439,0.536,0.389,0.5670000000000001,0.735,0.584,4.194358233860987e-05,Above Average Role Player
Andrew Wiggins,2019-20,24,TOT,NBA,54,1858,54,11.0,24.6,8.2,16.2,2.8,8.4,4.8,6.7,1.7,5.2,6.9,5.0,1.1,1.3,3.3,3.2,29.6,0.447,0.506,0.332,0.504,0.7090000000000001,0.536,0.012972955667412144,Above Average Starter
Taurean Waller-Prince,2019-20,25,BRK,NBA,64,1857,61,7.1,18.9,3.4,7.9,3.7,11.0,1.8,2.3,1.3,8.5,9.7,3.0,1.5,0.6,3.2,4.1,19.8,0.376,0.429,0.339,0.475,0.7979999999999999,0.4970000000000001,0.00017528863340683767,Below Average Starter
Dillon Brooks,2019-20,24,MEM,NBA,65,1851,65,9.4,23.3,6.1,14.3,3.3,9.0,3.6,4.5,1.5,3.8,5.4,3.2,1.4,0.6,2.7,6.2,25.7,0.402,0.423,0.369,0.474,0.809,0.508,9.454646082617262e-05,Below Average Starter
Jimmy Butler,2019-20,30,MIA,NBA,54,1851,54,8.7,19.1,7.9,16.0,0.8,3.1,10.8,13.0,2.6,6.9,9.5,8.7,2.4,0.8,3.1,2.0,28.9,0.454,0.494,0.248,0.474,0.833,0.583,0.38041728231091376,Above Average Starter
Al Horford,2019-20,33,PHI,NBA,60,1848,57,7.6,17.2,5.3,10.3,2.3,6.9,1.4,1.9,2.4,8.4,10.8,6.4,1.4,1.4,1.7,3.4,19.0,0.442,0.513,0.337,0.51,0.753,0.526,0.005617101062619016,Below Average Starter
Kendrick Nunn,2019-20,24,MIA,NBA,62,1846,62,10.1,22.5,6.6,12.9,3.5,9.6,2.0,2.4,0.5,3.9,4.5,5.6,1.4,0.3,2.7,3.8,25.7,0.448,0.512,0.362,0.525,0.8370000000000001,0.545,0.0006131543600929701,Below Average Starter
Darius Garland,2019-20,20,CLE,NBA,59,1824,59,7.5,18.6,4.7,10.7,2.8,7.9,1.7,1.9,0.7,2.2,3.0,6.1,1.1,0.1,4.0,2.5,19.4,0.401,0.434,0.355,0.476,0.875,0.498,1.6358733101244462e-05,Below Average Starter
Nemanja Bjelica,2019-20,31,SAC,NBA,64,1821,61,7.7,16.2,4.3,8.3,3.3,7.9,1.6,2.0,2.9,8.2,11.0,4.8,1.4,0.9,2.5,5.2,20.3,0.475,0.524,0.424,0.579,0.8220000000000001,0.597,0.0003677562168757526,Above Average Role Player
Lonzo Ball,2019-20,22,NOP,NBA,56,1817,47,6.6,16.0,3.1,6.7,3.5,9.2,1.0,1.7,1.6,7.2,8.8,10.0,2.0,0.8,4.4,2.8,17.7,0.412,0.453,0.383,0.523,0.5670000000000001,0.529,0.00234471038331716,Below Average Starter
Tim Hardaway,2019-20,27,DAL,NBA,63,1815,50,9.2,21.1,4.3,9.0,4.9,12.1,3.2,4.0,0.6,4.7,5.3,3.3,1.0,0.1,1.6,2.8,26.6,0.4370000000000001,0.478,0.407,0.5539999999999999,0.8009999999999999,0.581,0.00046769210954270875,Above Average Starter
Markelle Fultz,2019-20,21,ORL,NBA,64,1813,59,8.6,18.2,7.8,15.0,0.8,3.2,2.7,3.8,0.9,4.8,5.7,9.0,2.2,0.3,3.5,3.4,20.8,0.473,0.52,0.254,0.496,0.723,0.523,0.0006714528639517382,Below Average Starter
Jamal Murray,2019-20,22,DEN,NBA,55,1804,55,10.5,23.2,7.7,14.8,2.9,8.3,4.3,4.8,1.1,4.8,5.9,7.3,1.8,0.4,3.4,2.7,28.3,0.455,0.517,0.345,0.517,0.893,0.5589999999999999,0.01953961635566929,Above Average Starter
Ricky Rubio,2019-20,29,PHO,NBA,57,1802,57,6.6,16.1,4.9,11.1,1.7,4.9,4.6,5.4,1.1,5.9,7.0,13.3,2.3,0.2,4.1,3.8,19.5,0.412,0.44,0.35100000000000003,0.466,0.853,0.531,0.006453546796590663,Below Average Starter
Luka Dončić,2019-20,20,DAL,NBA,54,1799,54,13.8,29.9,9.6,16.7,4.2,13.2,9.9,13.2,1.9,11.7,13.5,12.7,1.6,0.3,6.1,3.6,41.7,0.461,0.574,0.318,0.531,0.752,0.584,0.9651683087510615,Above Average Starter
Gary Harris,2019-20,25,DEN,NBA,56,1780,55,6.0,14.4,4.1,8.6,1.9,5.8,2.1,2.6,0.7,3.8,4.5,3.3,2.1,0.4,1.7,3.2,16.1,0.42,0.479,0.333,0.487,0.815,0.519,8.88160851108603e-05,Below Average Starter
Kevin Love,2019-20,31,CLE,NBA,56,1780,56,8.9,19.9,4.9,9.2,4.0,10.7,5.1,6.0,1.5,13.5,15.0,4.9,0.9,0.5,3.8,2.5,27.0,0.45,0.537,0.374,0.55,0.8540000000000001,0.599,0.01033180008927924,Above Average Starter
Mikal Bridges,2019-20,23,PHO,NBA,65,1772,24,5.6,10.9,4.1,6.6,1.5,4.2,2.4,2.8,1.6,5.3,6.9,3.1,2.5,1.0,1.7,3.8,15.1,0.516,0.621,0.35200000000000004,0.585,0.848,0.623,3.397603179505153e-05,Above Average Role Player
Ja Morant,2019-20,20,MEM,NBA,59,1771,59,10.4,21.1,9.0,17.4,1.3,3.7,5.4,7.0,1.2,4.3,5.5,10.8,1.4,0.4,5.0,2.4,27.4,0.491,0.517,0.3670000000000001,0.523,0.77,0.568,0.006402728293787044,Above Average Starter
Giannis Antetokounmpo,2019-20,25,MIL,NBA,57,1763,57,16.2,29.5,14.0,22.5,2.2,7.0,9.4,14.8,3.4,16.9,20.3,8.5,1.5,1.5,5.4,4.5,43.8,0.547,0.622,0.306,0.583,0.633,0.608,0.9981619578096492,Above Average Starter
Nikola Vučević,2019-20,29,ORL,NBA,54,1763,54,11.8,25.2,9.6,18.3,2.3,6.9,3.2,4.0,3.6,12.9,16.5,5.6,1.3,1.3,2.1,3.3,29.1,0.47,0.523,0.329,0.515,0.7809999999999999,0.54,0.33513513114704174,Above Average Starter
Kevin Huerter,2019-20,21,ATL,NBA,56,1760,48,6.7,16.1,3.3,7.3,3.4,8.8,1.4,1.7,0.9,5.1,6.0,5.6,1.4,0.7,2.3,3.7,18.1,0.413,0.453,0.38,0.517,0.828,0.536,9.935976307743499e-05,Below Average Starter
P.J. Washington,2019-20,21,CHO,NBA,58,1759,57,7.6,16.8,5.2,10.2,2.4,6.6,2.5,3.9,1.7,7.3,9.0,3.5,1.5,1.3,2.6,4.5,20.2,0.455,0.507,0.374,0.528,0.647,0.547,0.00023194751877426485,Below Average Starter
Lou Williams,2019-20,33,LAC,NBA,60,1757,8,9.8,23.7,7.0,15.8,2.9,7.9,7.5,8.6,0.8,4.2,5.0,9.2,1.1,0.3,4.6,2.1,30.0,0.416,0.442,0.363,0.476,0.863,0.546,0.01033109641377528,Above Average Starter
LaMarcus Aldridge,2019-20,34,SAS,NBA,53,1754,53,10.7,21.7,9.0,17.4,1.7,4.3,4.3,5.2,2.8,7.9,10.7,3.5,1.0,2.4,2.0,3.5,27.4,0.493,0.519,0.389,0.532,0.8270000000000001,0.5710000000000001,0.01739413729248714,Above Average Starter
Montrezl Harrell,2019-20,26,LAC,NBA,63,1749,2,12.7,21.9,12.7,21.4,0.0,0.5,6.2,9.5,4.4,7.6,12.0,2.9,1.1,1.9,2.9,3.9,31.6,0.58,0.593,0.0,0.58,0.6579999999999999,0.607,0.023252309568717343,Above Average Starter
Glenn Robinson,2019-20,26,TOT,NBA,60,1743,52,7.7,15.9,5.7,10.6,2.0,5.3,2.0,2.3,2.1,5.0,7.2,2.6,1.5,0.4,1.5,2.7,19.5,0.486,0.535,0.387,0.55,0.867,0.5760000000000001,5.775453516267507e-05,Below Average Starter
Danuel House,2019-20,26,HOU,NBA,58,1739,47,5.5,12.9,2.5,4.6,3.0,8.3,1.8,2.3,1.5,5.1,6.6,2.1,1.7,0.9,1.3,3.2,15.8,0.4270000000000001,0.544,0.363,0.545,0.8,0.5710000000000001,6.846432688022172e-05,Above Average Role Player
Marcus Morris,2019-20,30,TOT,NBA,55,1727,55,9.1,21.0,5.4,11.9,3.7,9.1,4.8,5.9,1.5,6.3,7.9,2.2,1.2,0.8,2.5,4.5,26.8,0.433,0.451,0.41,0.522,0.823,0.5670000000000001,0.0009310708318338645,Above Average Starter
Terrence Ross,2019-20,28,ORL,NBA,63,1723,0,9.0,22.0,4.4,9.2,4.6,12.9,3.9,4.6,0.4,5.4,5.8,2.1,2.0,0.6,1.8,2.7,26.3,0.407,0.477,0.35700000000000004,0.511,0.845,0.5479999999999999,0.000444967305606804,Below Average Starter
Marcus Smart,2019-20,25,BOS,NBA,53,1721,39,6.7,17.8,3.1,7.4,3.6,10.3,3.0,3.6,1.1,4.6,5.7,7.2,2.4,0.8,2.5,4.0,20.1,0.38,0.424,0.348,0.481,0.835,0.519,0.004763823432513623,Below Average Starter
Tristan Thompson,2019-20,28,CLE,NBA,57,1721,51,8.1,15.9,7.9,15.2,0.3,0.7,2.8,4.6,6.4,9.9,16.3,3.4,0.9,1.4,2.9,3.5,19.3,0.512,0.518,0.391,0.52,0.615,0.54,0.0004872652795068536,Below Average Starter
Fred VanVleet,2019-20,25,TOR,NBA,48,1719,48,8.0,19.5,4.3,10.1,3.6,9.4,3.9,4.6,0.5,4.5,5.0,8.8,2.5,0.4,3.1,3.3,23.5,0.409,0.43,0.388,0.503,0.843,0.546,0.07471503309691896,Above Average Starter
RJ Barrett,2019-20,19,NYK,NBA,56,1704,55,8.3,20.8,6.5,15.1,1.8,5.6,4.5,7.3,1.4,6.5,8.0,4.1,1.6,0.5,3.5,3.5,22.9,0.402,0.4320000000000001,0.32,0.445,0.614,0.479,0.00017770149676114933,Below Average Starter
Jaylen Brown,2019-20,23,BOS,NBA,50,1702,50,10.7,21.9,7.7,14.0,3.0,8.0,4.5,6.1,1.5,7.5,9.0,3.1,1.6,0.5,3.3,4.3,29.0,0.49,0.552,0.381,0.5589999999999999,0.736,0.589,0.020659133143635364,Above Average Starter
Langston Galloway,2019-20,28,DET,NBA,66,1702,6,6.8,15.7,3.0,6.1,3.8,9.6,2.1,2.5,1.0,3.4,4.3,2.9,1.4,0.3,1.2,2.8,19.6,0.435,0.493,0.399,0.557,0.8590000000000001,0.584,1.0550484773599661e-05,Above Average Role Player
Jae Crowder,2019-20,29,TOT,NBA,58,1695,46,5.5,14.3,2.3,4.4,3.1,9.9,2.6,3.4,1.3,8.5,9.8,4.2,1.9,0.6,1.7,3.5,16.8,0.384,0.532,0.318,0.494,0.785,0.532,0.00028974759540254295,Below Average Starter
Maxi Kleber,2019-20,28,DAL,NBA,66,1695,21,6.1,13.3,3.1,5.1,3.1,8.2,2.0,2.3,2.8,7.3,10.1,2.2,0.6,2.2,1.4,4.4,17.3,0.459,0.594,0.374,0.574,0.863,0.603,5.6842186935486935e-05,Above Average Role Player
Danilo Gallinari,2019-20,31,OKC,NBA,55,1690,55,9.5,21.6,4.7,10.0,4.8,11.6,6.7,7.6,0.9,7.8,8.7,3.3,1.2,0.1,2.0,1.9,30.4,0.439,0.474,0.409,0.5489999999999999,0.8859999999999999,0.611,0.013523194494762554,Above Average Starter
Jerami Grant,2019-20,25,DEN,NBA,64,1676,22,7.7,16.4,5.2,10.0,2.6,6.5,3.8,5.1,1.6,5.1,6.7,2.3,1.3,1.5,1.6,4.2,21.9,0.471,0.518,0.4,0.55,0.7440000000000001,0.585,9.868813826845353e-05,Above Average Role Player
Coby White,2019-20,19,CHI,NBA,65,1674,1,9.0,22.8,5.2,12.0,3.8,10.8,2.9,3.7,0.8,5.8,6.6,5.0,1.4,0.2,3.1,3.4,24.7,0.394,0.43,0.354,0.478,0.7909999999999999,0.506,0.00012104367345805102,Below Average Starter
Eric Paschall,2019-20,23,GSW,NBA,60,1654,26,9.2,18.5,8.1,14.8,1.1,3.7,4.7,6.1,2.4,5.6,8.0,3.7,0.9,0.4,2.7,3.6,24.2,0.4970000000000001,0.55,0.287,0.526,0.774,0.5710000000000001,6.418876421745343e-05,Below Average Starter
Khris Middleton,2019-20,28,MIL,NBA,55,1653,52,11.7,23.5,8.0,14.7,3.7,8.8,4.9,5.4,1.1,8.3,9.4,6.2,1.4,0.2,3.1,3.4,32.0,0.499,0.547,0.418,0.5770000000000001,0.908,0.619,0.1863626056101185,Above Average Starter
Jarrett Allen,2019-20,21,BRK,NBA,64,1647,58,7.7,11.9,7.7,11.8,0.0,0.1,4.2,6.8,5.6,11.8,17.4,2.4,1.1,2.4,2.1,4.1,19.6,0.6459999999999999,0.654,0.0,0.6459999999999999,0.62,0.6579999999999999,0.0023083117426642022,Above Average Role Player
Kawhi Leonard,2019-20,28,LAC,NBA,51,1643,51,13.7,29.2,10.6,20.8,3.1,8.4,8.9,10.0,1.5,9.2,10.7,7.3,2.6,0.9,4.0,2.8,39.3,0.469,0.51,0.366,0.521,0.889,0.585,0.8698380442786068,Above Average Starter
Tony Snell,2019-20,28,DET,NBA,59,1641,57,5.1,11.5,2.0,3.8,3.1,7.6,1.0,1.0,0.3,3.1,3.3,3.8,1.0,0.4,0.9,3.0,14.2,0.445,0.531,0.402,0.579,1.0,0.598,4.82728729215515e-06,Above Average Role Player
Bruce Brown,2019-20,23,DET,NBA,58,1634,43,6.0,13.5,5.0,10.6,1.0,2.9,2.6,3.6,1.8,6.4,8.2,6.9,1.9,0.9,3.0,4.9,15.6,0.443,0.47,0.344,0.48,0.7390000000000001,0.518,5.896433089445728e-05,Below Average Starter
Jonas Valančiūnas,2019-20,27,MEM,NBA,62,1630,62,11.0,18.8,10.2,16.6,0.8,2.3,3.5,4.8,5.4,14.5,19.9,3.1,0.7,2.0,3.1,4.6,26.4,0.586,0.616,0.3670000000000001,0.608,0.732,0.631,0.010691477254670284,Above Average Role Player
Myles Turner,2019-20,23,IND,NBA,55,1628,55,7.0,15.5,4.7,8.6,2.3,6.9,3.2,4.3,2.1,8.7,10.8,1.8,1.3,3.6,2.0,4.1,19.5,0.451,0.542,0.336,0.525,0.75,0.561,0.002221808796928913,Below Average Starter
Carmelo Anthony,2019-20,35,POR,NBA,50,1623,50,8.5,19.9,6.4,14.2,2.1,5.7,3.3,3.9,1.8,7.4,9.2,2.3,1.2,0.7,2.6,4.2,22.4,0.426,0.447,0.371,0.479,0.843,0.517,0.00023411637909648552,Below Average Starter
Brook Lopez,2019-20,31,MIL,NBA,61,1622,60,6.9,16.1,4.5,8.1,2.4,8.0,2.8,3.4,1.2,6.5,7.7,2.7,1.2,4.2,1.8,4.1,18.9,0.4270000000000001,0.557,0.29600000000000004,0.501,0.81,0.537,0.003058130982987145,Below Average Starter
Justin Holiday,2019-20,30,IND,NBA,65,1617,2,5.7,13.0,2.0,4.3,3.7,8.7,1.4,1.8,0.9,5.3,6.2,2.6,2.3,1.3,1.2,3.6,16.5,0.44,0.472,0.424,0.581,0.78,0.598,3.4872548089313315e-05,Above Average Role Player
Alec Burks,2019-20,28,TOT,NBA,59,1612,18,8.4,20.9,5.4,12.7,3.0,8.1,6.7,7.5,1.3,6.5,7.8,5.1,1.7,0.5,2.5,3.6,26.5,0.404,0.428,0.366,0.475,0.8959999999999999,0.5489999999999999,0.000484728836615266,Below Average Starter
Kent Bazemore,2019-20,30,TOT,NBA,64,1604,21,5.5,14.8,3.2,8.0,2.3,6.8,3.3,4.2,0.7,7.6,8.3,2.5,2.1,1.2,2.5,5.4,16.7,0.374,0.401,0.342,0.453,0.768,0.5,5.918496649920224e-06,Below Average Role Player
Kentavious Caldwell-Pope,2019-20,26,LAL,NBA,63,1603,20,6.5,13.8,3.9,7.3,2.6,6.6,2.2,2.8,1.1,2.8,3.9,3.1,1.6,0.4,1.6,3.5,17.8,0.472,0.5429999999999999,0.394,0.565,0.779,0.5920000000000001,1.914119750526604e-05,Above Average Role Player
Kristaps Porziņģis,2019-20,24,DAL,NBA,51,1597,51,10.3,24.5,6.5,13.6,3.8,10.9,5.4,6.9,2.7,11.9,14.6,2.7,1.1,3.2,2.5,4.8,29.7,0.42,0.477,0.349,0.498,0.7759999999999999,0.54,0.10504094475000077,Above Average Starter
Kemba Walker,2019-20,29,BOS,NBA,50,1592,50,10.6,25.3,5.6,12.0,5.0,13.3,5.9,6.8,1.0,5.2,6.2,7.5,1.4,0.8,3.3,2.3,32.2,0.421,0.47,0.377,0.52,0.867,0.569,0.1111441579460341,Above Average Starter
Thaddeus Young,2019-20,31,CHI,NBA,64,1591,16,8.1,18.2,5.8,11.5,2.4,6.7,1.3,2.2,2.8,6.7,9.5,3.5,2.8,0.7,3.1,4.1,20.0,0.448,0.501,0.35600000000000004,0.513,0.583,0.521,6.0067477836488774e-05,Below Average Starter
Dāvis Bertāns,2019-20,27,WAS,NBA,54,1583,4,7.8,18.0,1.9,4.1,5.9,13.9,3.1,3.6,1.0,6.2,7.2,2.7,1.1,1.0,1.7,4.1,24.6,0.434,0.471,0.424,0.598,0.852,0.628,0.0001685703832692895,Above Average Starter
Bryn Forbes,2019-20,26,SAS,NBA,63,1579,62,7.4,17.7,2.9,6.1,4.5,11.6,2.3,2.7,0.4,3.5,3.8,3.3,1.0,0.0,1.7,3.4,21.5,0.417,0.47,0.388,0.544,0.833,0.57,4.639459878942115e-06,Below Average Starter
Ish Smith,2019-20,31,WAS,NBA,60,1570,19,7.8,17.3,6.2,12.8,1.6,4.5,1.4,2.1,0.8,4.8,5.6,8.5,1.5,0.7,2.3,2.5,18.6,0.451,0.48,0.3670000000000001,0.498,0.6859999999999999,0.512,5.1158893247634605e-05,Below Average Starter
Steven Adams,2019-20,26,OKC,NBA,58,1564,58,8.2,13.8,8.1,13.7,0.0,0.1,3.4,5.7,6.1,10.8,16.9,4.4,1.6,2.0,2.7,3.5,19.7,0.591,0.593,0.333,0.593,0.59,0.605,0.0038782459981717876,Above Average Role Player
Josh Hart,2019-20,24,NOP,NBA,57,1563,14,5.9,14.2,2.6,4.6,3.3,9.6,2.0,2.7,1.6,9.3,10.9,2.8,1.7,0.6,1.9,4.3,17.1,0.416,0.5710000000000001,0.342,0.531,0.747,0.556,6.683049486881175e-05,Below Average Starter
Cam Reddish,2019-20,20,ATL,NBA,58,1551,34,6.4,16.6,3.9,9.1,2.5,7.5,3.0,3.8,1.1,5.4,6.5,2.6,1.9,0.8,2.9,4.0,18.3,0.384,0.428,0.332,0.459,0.802,0.5,4.7230353247264825e-06,Below Average Starter
Josh Okogie,2019-20,21,MIN,NBA,62,1547,28,5.1,11.9,3.9,7.3,1.2,4.6,4.6,5.7,2.6,5.4,8.0,3.0,2.0,0.8,2.6,4.2,16.0,0.4270000000000001,0.529,0.266,0.479,0.7959999999999999,0.5529999999999999,4.5686574172397095e-06,Below Average Starter
Garrett Temple,2019-20,33,BRK,NBA,55,1547,31,6.1,16.1,2.6,5.5,3.4,10.6,1.7,2.2,0.9,5.0,5.8,4.3,1.3,0.8,1.7,2.9,17.3,0.378,0.483,0.324,0.485,0.767,0.507,9.812647640579127e-05,Below Average Starter
Cory Joseph,2019-20,28,SAC,NBA,64,1538,22,4.9,11.7,3.4,7.5,1.5,4.2,1.5,1.8,1.2,4.0,5.2,6.9,1.5,0.7,2.0,3.8,12.8,0.42,0.46,0.35100000000000003,0.484,0.828,0.513,3.827286781261643e-06,Below Average Starter
Goran Dragić,2019-20,33,MIA,NBA,54,1531,1,9.3,21.2,5.5,11.2,3.8,10.0,5.4,7.1,0.8,4.5,5.3,8.7,1.0,0.3,4.3,3.4,27.7,0.4370000000000001,0.491,0.377,0.526,0.769,0.5710000000000001,0.0016062062109512287,Above Average Starter
Danny Green,2019-20,32,LAL,NBA,61,1529,61,5.5,13.2,2.0,3.9,3.5,9.3,1.0,1.4,1.4,5.0,6.4,2.7,2.4,0.9,1.7,4.0,15.6,0.419,0.516,0.378,0.552,0.727,0.564,2.9703629911446968e-05,Below Average Starter
Wesley Matthews,2019-20,33,MIL,NBA,62,1529,62,4.8,12.0,1.7,3.7,3.0,8.3,1.4,1.9,0.6,4.2,4.8,2.7,1.1,0.3,1.2,2.7,14.0,0.397,0.468,0.365,0.522,0.762,0.545,1.5029331795397653e-05,Below Average Starter
Jordan Clarkson,2019-20,27,TOT,NBA,63,1527,0,11.2,24.0,7.0,12.8,4.1,11.3,3.9,4.6,1.5,3.8,5.3,4.0,1.4,0.5,2.6,2.9,30.4,0.465,0.55,0.368,0.551,0.841,0.583,0.0002548711880156291,Above Average Starter
Eric Bledsoe,2019-20,30,MIL,NBA,56,1524,56,9.6,19.9,7.5,13.8,2.1,6.0,4.7,5.8,1.2,6.5,7.8,9.1,1.6,0.7,4.2,3.6,25.9,0.482,0.54,0.348,0.535,0.813,0.579,0.018849359083931937,Above Average Starter
Troy Brown,2019-20,20,WAS,NBA,61,1519,14,7.0,15.5,5.5,11.1,1.5,4.5,2.6,3.5,2.0,8.0,10.0,4.4,2.3,0.2,2.0,3.4,18.3,0.453,0.496,0.345,0.502,0.754,0.534,2.2273640668966424e-05,Below Average Starter
Jaren Jackson,2019-20,20,MEM,NBA,54,1512,54,10.1,21.7,6.0,11.1,4.2,10.5,3.8,5.1,1.6,6.2,7.8,2.3,1.1,2.7,2.9,6.8,28.2,0.468,0.535,0.397,0.564,0.741,0.59,0.0008389332539623995,Below Average Starter
Bogdan Bogdanović,2019-20,27,SAC,NBA,53,1510,20,8.9,20.6,4.5,8.4,4.4,12.3,2.5,3.4,0.5,5.0,5.5,5.5,1.7,0.5,2.9,3.7,24.8,0.433,0.541,0.361,0.541,0.7240000000000001,0.56,0.00035807976911499215,Below Average Starter
Jarrett Culver,2019-20,20,MIN,NBA,63,1506,35,7.1,17.5,5.1,10.7,2.0,6.8,1.7,3.6,2.2,4.4,6.5,3.4,1.8,1.2,2.5,3.9,17.9,0.404,0.471,0.299,0.462,0.462,0.467,4.594869009701068e-06,Below Average Role Player
Gordon Hayward,2019-20,29,BOS,NBA,45,1501,45,9.8,19.6,7.4,13.5,2.4,6.1,3.0,3.6,1.4,8.0,9.5,6.0,1.1,0.6,2.5,2.6,25.1,0.502,0.5529999999999999,0.392,0.563,0.847,0.593,0.041991272362780135,Above Average Starter
Trevor Ariza,2019-20,34,TOT,NBA,53,1493,21,4.6,10.5,2.1,3.8,2.5,6.7,2.0,2.4,1.1,6.9,7.9,2.9,2.2,0.5,1.8,3.6,13.7,0.438,0.556,0.3720000000000001,0.557,0.838,0.593,1.53296631200126e-05,Above Average Role Player
Lauri Markkanen,2019-20,22,CHI,NBA,50,1492,50,8.1,19.1,4.6,8.8,3.5,10.2,4.1,4.9,1.9,8.2,10.1,2.4,1.4,0.7,2.6,3.1,23.8,0.425,0.518,0.344,0.517,0.8240000000000001,0.56,0.0009164055563036296,Below Average Starter
Josh Richardson,2019-20,26,PHI,NBA,48,1474,46,8.1,18.9,5.8,11.9,2.3,7.1,3.3,4.2,1.2,4.1,5.3,4.9,1.5,1.1,3.0,4.0,21.9,0.429,0.489,0.327,0.49,0.789,0.526,0.0005660876944602169,Below Average Starter
Malcolm Brogdon,2019-20,27,IND,NBA,48,1472,48,9.6,21.8,7.5,15.4,2.0,6.5,4.8,5.4,1.3,6.2,7.5,11.4,1.1,0.3,3.8,2.9,25.9,0.439,0.491,0.313,0.485,0.895,0.537,0.02170185067304229,Above Average Starter
Larry Nance,2019-20,27,CLE,NBA,56,1472,10,7.6,14.2,5.7,9.0,1.9,5.3,1.7,2.4,3.5,10.0,13.5,4.1,1.9,0.7,2.0,3.0,18.6,0.531,0.636,0.35200000000000004,0.596,0.6759999999999999,0.608,0.00015323284990156506,Above Average Role Player
Derrick White,2019-20,25,SAS,NBA,61,1468,13,7.0,15.2,5.1,9.9,1.9,5.2,4.9,5.7,1.0,5.3,6.3,6.7,1.3,1.8,2.5,4.4,20.7,0.459,0.513,0.35600000000000004,0.52,0.857,0.585,5.63351856228927e-05,Above Average Role Player
Jeff Teague,2019-20,31,TOT,NBA,59,1464,17,6.8,15.5,5.4,11.8,1.4,3.7,5.5,6.3,0.9,3.7,4.5,9.8,1.4,0.6,3.7,3.4,20.4,0.436,0.457,0.368,0.48,0.873,0.557,4.4206387645618265e-05,Below Average Starter
D'Angelo Russell,2019-20,23,TOT,NBA,45,1452,45,11.8,27.7,6.6,13.6,5.2,14.1,5.3,6.5,0.6,5.2,5.8,9.3,1.6,0.4,4.8,2.8,34.0,0.426,0.487,0.3670000000000001,0.519,0.809,0.556,0.032445938331632326,Above Average Starter
Seth Curry,2019-20,29,DAL,NBA,59,1448,20,8.9,17.8,4.3,7.8,4.5,10.0,2.5,2.9,0.9,3.8,4.6,4.0,1.2,0.3,2.0,3.4,24.8,0.5,0.56,0.453,0.628,0.841,0.65,6.189317113668261e-05,Above Average Role Player
Dejounte Murray,2019-20,23,SAS,NBA,58,1447,50,8.5,17.8,7.3,14.8,1.1,3.0,2.5,3.1,2.2,8.9,11.1,7.9,3.3,0.5,3.6,4.2,20.5,0.475,0.494,0.378,0.507,0.7979999999999999,0.535,0.0003546141937557805,Below Average Starter
Dario Šarić,2019-20,25,PHO,NBA,58,1441,50,7.1,15.4,4.7,8.4,2.4,7.0,2.6,3.1,2.9,8.4,11.3,3.6,1.1,0.5,2.4,4.3,19.3,0.462,0.563,0.341,0.539,0.8320000000000001,0.5720000000000001,3.615429698724664e-05,Above Average Role Player
Ben McLemore,2019-20,26,HOU,NBA,63,1437,19,6.8,15.2,1.8,2.6,5.0,12.6,1.5,2.0,0.6,3.8,4.5,1.7,1.2,0.4,1.5,4.2,20.0,0.445,0.688,0.395,0.609,0.758,0.622,2.8169362825358714e-06,Above Average Role Player
Patty Mills,2019-20,31,SAS,NBA,63,1430,1,8.3,19.3,3.3,6.3,5.0,13.1,3.1,3.6,0.6,2.7,3.3,3.8,1.7,0.2,1.7,3.3,24.7,0.429,0.529,0.38,0.557,0.861,0.589,9.239729524142697e-06,Above Average Role Player
Maurice Harkless,2019-20,26,TOT,NBA,62,1427,48,4.7,9.4,3.6,6.2,1.1,3.3,1.3,2.2,1.8,6.2,8.0,2.3,1.9,1.1,1.8,4.9,11.9,0.502,0.584,0.34700000000000003,0.562,0.591,0.5720000000000001,2.5059882641119786e-06,Above Average Role Player
De'Aaron Fox,2019-20,22,SAC,NBA,45,1426,43,11.3,23.7,9.6,18.4,1.6,5.2,7.4,10.5,1.0,5.2,6.2,10.4,2.2,0.8,4.8,4.4,31.5,0.475,0.523,0.307,0.509,0.703,0.556,0.04958197863896576,Above Average Starter
J.J. Redick,2019-20,35,NOP,NBA,54,1425,35,8.1,18.1,3.1,6.9,5.1,11.2,4.8,5.3,0.3,4.2,4.5,3.5,0.6,0.3,2.1,2.8,26.1,0.45,0.446,0.452,0.59,0.902,0.639,9.127296153284085e-05,Above Average Starter
Damion Lee,2019-20,27,GSW,NBA,49,1423,36,7.2,17.2,4.3,9.1,2.9,8.0,3.7,4.2,1.1,7.0,8.0,4.5,1.7,0.2,2.3,3.9,20.9,0.417,0.471,0.35600000000000004,0.5,0.873,0.5479999999999999,0.00012155053174866315,Below Average Starter
Mitchell Robinson,2019-20,21,NYK,NBA,61,1412,7,8.7,11.8,8.7,11.8,0.0,0.0,2.9,5.1,6.4,8.3,14.8,1.2,1.8,4.1,1.3,6.7,20.3,0.742,0.742,,0.742,0.568,0.726,0.0004793378018910552,Above Average Role Player
Delon Wright,2019-20,27,DAL,NBA,65,1412,5,6.1,13.1,4.6,9.1,1.5,4.0,2.4,3.1,2.3,6.6,8.9,7.5,2.6,0.7,2.3,2.8,16.3,0.47,0.508,0.385,0.529,0.789,0.563,6.085633266550433e-05,Above Average Role Player
Monte Morris,2019-20,24,DEN,NBA,65,1402,8,7.8,17.0,5.9,12.0,1.9,5.1,1.8,2.2,0.7,3.2,3.9,8.1,1.9,0.6,1.6,2.3,19.3,0.459,0.494,0.375,0.514,0.823,0.537,4.3150085316982366e-05,Above Average Role Player
Austin Rivers,2019-20,27,HOU,NBA,60,1402,4,6.0,14.3,3.3,6.6,2.8,7.7,2.0,3.0,0.8,3.9,4.7,3.2,1.4,0.3,1.2,3.7,16.8,0.421,0.495,0.358,0.517,0.667,0.5379999999999999,3.4533622567001237e-06,Above Average Role Player
Anfernee Simons,2019-20,20,POR,NBA,65,1400,4,7.2,17.9,4.7,10.4,2.5,7.5,2.6,3.1,0.9,4.2,5.0,3.2,0.9,0.3,2.1,4.5,19.5,0.402,0.448,0.338,0.472,0.826,0.506,5.083285159495827e-07,Below Average Role Player
Furkan Korkmaz,2019-20,22,PHI,NBA,64,1398,12,7.7,17.9,3.3,6.8,4.4,11.0,1.8,2.5,0.6,4.6,5.1,2.4,1.3,0.5,1.8,3.1,21.7,0.4320000000000001,0.487,0.397,0.5539999999999999,0.736,0.5710000000000001,1.0322407259753e-05,Below Average Starter
Bobby Portis,2019-20,24,NYK,NBA,66,1393,5,9.3,20.6,6.9,14.1,2.3,6.5,2.5,3.3,2.8,9.0,11.8,3.4,1.1,0.6,2.6,3.8,23.3,0.45,0.493,0.358,0.507,0.763,0.53,2.2432859623325072e-05,Below Average Starter
Daniel Theis,2019-20,27,BOS,NBA,58,1382,57,7.6,13.4,6.6,10.5,0.9,2.8,2.8,3.7,4.5,8.7,13.3,3.3,1.2,2.6,1.7,7.0,18.9,0.565,0.631,0.321,0.599,0.764,0.629,0.0003913461435575035,Above Average Role Player
Serge Ibaka,2019-20,30,TOR,NBA,50,1377,27,11.2,21.6,8.9,15.8,2.3,5.8,3.1,4.1,3.6,10.7,14.3,2.5,0.8,1.5,3.5,4.8,27.8,0.518,0.562,0.398,0.5710000000000001,0.748,0.593,0.008780500548553895,Above Average Starter
Aaron Holiday,2019-20,23,IND,NBA,58,1368,26,7.2,17.7,4.3,10.4,2.8,7.2,2.2,2.6,0.7,4.0,4.7,6.9,1.6,0.5,2.7,3.6,19.4,0.407,0.416,0.394,0.488,0.861,0.517,2.9526730153088403e-05,Below Average Starter
John Collins,2019-20,22,ATL,NBA,41,1363,41,12.1,20.7,10.1,15.7,2.0,5.0,4.1,5.1,4.0,10.3,14.2,2.1,1.1,2.3,2.6,4.7,30.3,0.583,0.642,0.401,0.632,0.8,0.659,0.041956374669151454,Above Average Starter
Donte DiVincenzo,2019-20,23,MIL,NBA,59,1362,22,7.0,15.2,4.5,7.8,2.6,7.4,2.0,2.6,2.0,7.7,9.7,4.6,2.7,0.6,2.4,3.3,18.6,0.462,0.5760000000000001,0.344,0.546,0.769,0.57,0.0005281576481241791,Above Average Role Player
Cody Zeller,2019-20,27,CHO,NBA,58,1341,39,9.4,17.9,8.7,15.1,0.7,2.8,4.6,6.7,6.0,9.4,15.4,3.3,1.5,0.9,2.8,5.2,24.0,0.524,0.5770000000000001,0.24,0.5429999999999999,0.682,0.5760000000000001,0.00016396111770228491,Above Average Role Player
Joel Embiid,2019-20,25,PHI,NBA,44,1329,44,12.1,25.6,10.1,19.7,2.0,5.9,11.4,14.0,4.5,14.5,19.0,5.0,1.4,2.1,4.9,5.5,37.7,0.474,0.511,0.348,0.514,0.8140000000000001,0.593,0.6530380810902542,Above Average Starter
Kyle Kuzma,2019-20,24,LAL,NBA,54,1327,7,9.1,21.1,6.6,12.6,2.5,8.5,3.4,4.7,1.7,7.0,8.7,2.5,0.8,0.8,3.0,3.8,24.2,0.4320000000000001,0.523,0.297,0.491,0.738,0.522,9.470998637448688e-05,Below Average Starter
Christian Wood,2019-20,24,DET,NBA,62,1325,12,10.7,18.9,8.7,13.7,2.0,5.2,6.7,9.0,3.9,10.6,14.5,2.2,1.3,2.0,3.1,3.6,30.1,0.5670000000000001,0.636,0.386,0.62,0.7440000000000001,0.659,0.0008747538216112809,Above Average Role Player
Patrick Beverley,2019-20,31,LAC,NBA,48,1299,48,5.0,11.8,2.3,4.6,2.7,7.2,1.0,1.5,2.0,7.4,9.4,6.5,1.9,0.9,2.3,5.4,13.8,0.428,0.504,0.379,0.5429999999999999,0.659,0.5539999999999999,0.00016785480226662281,Above Average Role Player
Derrick Rose,2019-20,31,DET,NBA,50,1298,15,14.0,28.5,12.3,23.0,1.7,5.6,4.6,5.3,1.0,3.6,4.6,10.5,1.5,0.6,4.8,1.9,34.3,0.49,0.535,0.306,0.52,0.871,0.555,0.006469460740065702,Above Average Starter
Landry Shamet,2019-20,22,LAC,NBA,47,1294,27,5.3,12.8,1.5,3.0,3.8,9.8,2.1,2.3,0.2,3.1,3.3,3.2,0.7,0.3,1.3,4.7,16.5,0.416,0.494,0.392,0.5660000000000001,0.905,0.599,1.3081198482043708e-05,Above Average Role Player
Jeremy Lamb,2019-20,27,IND,NBA,46,1291,42,8.2,18.1,6.2,12.1,2.0,6.0,3.5,4.2,0.9,6.6,7.5,3.6,2.1,0.8,1.9,3.9,21.8,0.451,0.508,0.335,0.506,0.836,0.547,0.0005039204000604368,Below Average Starter
Rudy Gay,2019-20,33,SAS,NBA,60,1287,5,8.3,18.7,6.1,11.8,2.2,6.9,3.7,4.2,2.1,9.9,12.0,3.8,1.0,1.0,2.9,3.3,22.4,0.442,0.517,0.314,0.5,0.8759999999999999,0.545,2.6157837820737626e-05,Below Average Starter
Tyler Herro,2019-20,20,MIA,NBA,47,1280,6,8.4,20.3,4.6,10.7,3.8,9.7,2.5,3.0,0.5,6.6,7.1,3.5,1.1,0.3,2.8,2.3,23.1,0.414,0.434,0.391,0.507,0.835,0.534,0.00012074512452644812,Below Average Starter
Clint Capela,2019-20,25,HOU,NBA,39,1279,39,8.9,14.1,8.9,14.1,0.0,0.0,2.0,3.8,6.1,13.4,19.5,1.7,1.2,2.6,2.3,3.7,19.7,0.629,0.629,,0.629,0.529,0.626,0.03357250171323765,Above Average Starter
Jordan Poole,2019-20,20,GSW,NBA,57,1274,14,6.3,18.9,3.5,8.9,2.8,10.0,3.6,4.5,0.3,4.1,4.4,5.0,1.3,0.4,2.8,3.5,18.9,0.333,0.392,0.279,0.406,0.7979999999999999,0.454,1.0580806852863359e-06,Below Average Role Player
Trey Lyles,2019-20,24,SAS,NBA,63,1271,53,5.8,13.0,3.3,6.6,2.5,6.3,1.2,1.7,2.7,11.0,13.6,2.6,1.1,1.1,1.5,3.7,15.3,0.446,0.503,0.387,0.541,0.733,0.557,3.2310368927055967e-06,Above Average Role Player
Kris Dunn,2019-20,25,CHI,NBA,51,1269,32,5.8,13.0,4.7,8.7,1.1,4.3,1.5,2.0,0.9,6.2,7.1,6.6,3.8,0.6,2.6,6.0,14.2,0.444,0.535,0.259,0.487,0.741,0.51,3.1693606207946244e-05,Below Average Starter
Norman Powell,2019-20,26,TOR,NBA,44,1269,23,9.7,19.4,6.2,10.5,3.5,8.9,4.1,4.9,0.9,5.2,6.1,2.9,2.1,0.6,2.4,3.5,27.1,0.502,0.589,0.398,0.593,0.838,0.629,0.0033510273210876737,Above Average Starter
Sviatoslav Mykhailiuk,2019-20,22,DET,NBA,56,1265,27,6.5,15.7,2.0,4.7,4.5,11.1,2.2,2.7,0.7,3.4,4.0,4.1,1.6,0.2,2.4,3.4,19.6,0.41,0.425,0.404,0.552,0.8140000000000001,0.578,2.0972595442798987e-06,Below Average Starter
Wendell Carter,2019-20,20,CHI,NBA,43,1256,43,7.0,13.2,6.8,12.0,0.2,1.1,4.3,5.8,5.3,10.2,15.5,2.0,1.3,1.4,2.8,6.2,18.6,0.534,0.564,0.207,0.542,0.737,0.59,0.0003844999757235582,Above Average Role Player
Derrick Jones,2019-20,22,MIA,NBA,51,1249,15,6.5,12.7,5.2,7.7,1.3,4.9,3.4,4.4,2.2,6.1,8.3,2.2,2.1,1.4,1.1,4.5,17.8,0.514,0.67,0.27,0.5670000000000001,0.779,0.609,5.76257281025782e-05,Above Average Role Player
Elfrid Payton,2019-20,25,NYK,NBA,45,1246,36,7.5,17.2,7.0,14.5,0.5,2.7,1.9,3.4,2.0,6.3,8.3,12.6,2.7,0.7,3.8,3.5,17.5,0.439,0.482,0.203,0.455,0.57,0.47,0.0009985461912496408,Below Average Starter
Doug McDermott,2019-20,28,IND,NBA,62,1242,0,9.5,19.3,4.8,8.9,4.6,10.4,1.7,2.0,0.9,5.2,6.1,2.7,0.4,0.2,1.6,4.2,25.2,0.491,0.544,0.445,0.611,0.8270000000000001,0.626,1.0826351715867234e-05,Above Average Role Player
DeAndre Jordan,2019-20,31,BRK,NBA,56,1234,6,7.3,11.0,7.3,11.0,0.0,0.0,3.2,4.7,5.4,16.1,21.6,4.0,0.7,2.0,2.8,4.4,17.9,0.6659999999999999,0.6659999999999999,,0.6659999999999999,0.68,0.682,0.0010570289180099246,Above Average Role Player
Shabazz Napier,2019-20,28,TOT,NBA,51,1234,30,6.4,15.6,3.7,7.2,2.7,8.4,4.4,5.3,0.9,4.6,5.5,9.5,2.5,0.3,4.2,3.5,19.9,0.412,0.518,0.32,0.498,0.823,0.555,3.684788981272427e-05,Below Average Starter
Tyus Jones,2019-20,23,MEM,NBA,65,1232,6,7.5,16.3,5.7,11.6,1.8,4.7,1.6,2.2,0.3,3.6,3.9,10.8,2.2,0.2,2.1,1.7,18.3,0.459,0.4920000000000001,0.379,0.514,0.741,0.532,2.798370119040761e-05,Above Average Role Player
Paul George,2019-20,29,LAC,NBA,42,1222,42,11.2,26.0,6.1,13.2,5.1,12.8,6.4,7.2,0.8,8.4,9.3,6.3,2.2,0.8,4.4,3.9,34.0,0.4320000000000001,0.463,0.399,0.53,0.882,0.5820000000000001,0.08829206080260865,Above Average Starter
Draymond Green,2019-20,29,GSW,NBA,43,1222,43,4.8,12.4,3.4,7.3,1.4,5.1,2.5,3.3,0.9,9.5,10.4,10.4,2.3,1.3,3.8,4.3,13.5,0.389,0.465,0.279,0.446,0.759,0.489,0.00029032861914477475,Below Average Starter
Rui Hachimura,2019-20,21,WAS,NBA,41,1217,41,8.4,17.5,7.6,14.7,0.8,2.8,3.5,4.3,2.4,7.1,9.5,2.7,1.3,0.3,1.6,3.4,21.0,0.478,0.517,0.274,0.5,0.8290000000000001,0.5429999999999999,7.936288044794113e-05,Below Average Starter
D.J. Augustin,2019-20,32,ORL,NBA,49,1215,6,6.3,15.9,3.9,9.0,2.4,7.0,5.6,6.3,0.7,3.7,4.4,9.0,1.2,0.0,2.8,2.1,20.5,0.393,0.43,0.345,0.469,0.885,0.5479999999999999,9.065749363160016e-05,Below Average Starter
Brad Wanamaker,2019-20,30,BOS,NBA,63,1215,1,5.4,12.7,4.1,9.1,1.3,3.6,4.3,4.6,0.8,4.2,4.9,6.3,2.1,0.5,2.8,4.8,16.4,0.428,0.452,0.3670000000000001,0.48,0.931,0.56,3.792762438290323e-06,Above Average Role Player
Malik Beasley,2019-20,23,TOT,NBA,55,1209,14,9.1,21.3,4.8,10.3,4.3,11.0,2.2,2.6,0.7,5.2,5.9,3.0,1.6,0.3,2.3,3.1,24.5,0.425,0.465,0.388,0.525,0.818,0.546,1.5124346050467249e-05,Below Average Starter
Marquese Chriss,2019-20,22,GSW,NBA,59,1196,21,8.4,15.4,8.1,13.8,0.3,1.6,4.8,6.2,4.6,10.0,14.6,4.6,1.6,2.5,3.1,4.9,21.9,0.545,0.584,0.205,0.556,0.769,0.604,9.995981423929548e-05,Above Average Role Player
Dwight Howard,2019-20,34,LAL,NBA,62,1193,2,7.5,10.3,7.4,10.1,0.1,0.2,3.5,7.2,6.2,12.0,18.2,1.7,1.1,3.0,2.9,8.0,18.7,0.732,0.7340000000000001,0.6,0.737,0.494,0.696,9.809508773820379e-05,Above Average Role Player
T.J. McConnell,2019-20,27,IND,NBA,63,1188,3,7.7,14.8,7.5,14.2,0.2,0.6,1.2,1.5,1.3,5.4,6.7,13.0,1.8,0.5,3.5,2.8,16.8,0.517,0.524,0.333,0.523,0.833,0.541,5.1548060442568256e-05,Above Average Role Player
Frank Ntilikina,2019-20,21,NYK,NBA,57,1187,26,5.4,13.7,3.6,8.0,1.8,5.6,2.1,2.4,0.9,4.0,5.0,7.1,2.2,0.7,2.9,5.8,14.6,0.393,0.444,0.321,0.459,0.8640000000000001,0.4970000000000001,9.738784058293888e-07,Below Average Role Player
Avery Bradley,2019-20,29,LAL,NBA,49,1186,44,6.8,15.4,4.3,8.4,2.5,6.9,0.8,1.0,0.7,3.9,4.6,2.5,1.7,0.2,1.9,4.4,17.0,0.444,0.51,0.364,0.526,0.833,0.537,5.472609154945424e-06,Below Average Starter
Mike Conley,2019-20,32,UTA,NBA,41,1171,35,8.2,20.2,4.9,11.4,3.3,8.9,3.9,4.9,1.1,4.4,5.5,7.4,1.3,0.2,3.2,3.8,23.6,0.405,0.429,0.376,0.488,0.795,0.527,0.0005390530400277094,Below Average Starter
Terrance Ferguson,2019-20,21,OKC,NBA,50,1170,37,3.1,8.3,1.2,1.8,1.9,6.4,0.6,0.8,1.0,2.1,3.0,1.9,1.1,0.7,1.2,6.0,8.7,0.3720000000000001,0.636,0.297,0.487,0.789,0.504,5.301210580195341e-08,Below Average Role Player
Malik Monk,2019-20,21,CHO,NBA,55,1169,1,9.1,20.9,6.6,12.2,2.5,8.7,3.5,4.3,1.2,5.6,6.7,4.9,1.1,0.7,3.3,3.2,24.2,0.434,0.542,0.284,0.494,0.82,0.53,1.0637172883110946e-05,Below Average Starter
Kevin Knox,2019-20,20,NYK,NBA,65,1166,4,6.0,16.7,3.3,8.4,2.7,8.3,2.8,4.2,1.2,6.5,7.7,2.5,1.0,1.2,1.9,4.4,17.5,0.359,0.391,0.327,0.44,0.653,0.47,3.581701491179366e-07,Below Average Role Player
Kevin Porter,2019-20,19,CLE,NBA,50,1162,3,7.8,17.6,5.6,11.0,2.2,6.6,3.1,4.2,0.9,5.9,6.8,4.6,1.9,0.6,3.9,5.7,20.9,0.442,0.506,0.335,0.505,0.723,0.535,2.9126905452825604e-06,Below Average Role Player
Ivica Zubac,2019-20,22,LAC,NBA,64,1156,62,8.2,13.7,8.2,13.6,0.0,0.1,4.4,5.8,6.8,12.0,18.8,2.8,0.5,2.4,2.2,6.0,20.8,0.601,0.605,0.0,0.601,0.759,0.642,0.00023600039383058448,Above Average Role Player
Kyle Anderson,2019-20,26,MEM,NBA,59,1140,20,5.7,11.5,5.0,8.9,0.7,2.5,1.8,2.7,2.2,8.3,10.5,5.4,1.9,1.3,2.3,3.5,13.7,0.493,0.56,0.258,0.521,0.652,0.542,5.602532547932561e-06,Above Average Role Player
Caris LeVert,2019-20,25,BRK,NBA,39,1131,25,10.6,25.5,7.6,17.6,3.0,7.9,4.9,6.8,1.7,5.0,6.7,6.7,1.8,0.3,4.1,3.0,29.0,0.414,0.429,0.381,0.473,0.72,0.509,0.003815192809199521,Below Average Starter
JaMychal Green,2019-20,29,LAC,NBA,55,1130,0,5.2,12.6,2.1,4.1,3.1,8.5,1.3,1.8,3.1,11.4,14.5,1.8,1.0,0.8,1.9,6.1,14.9,0.414,0.52,0.363,0.536,0.727,0.5539999999999999,7.171634831741946e-06,Above Average Role Player
Richaun Holmes,2019-20,26,SAC,NBA,39,1125,33,9.1,13.9,9.1,13.9,0.0,0.0,3.5,4.3,5.1,9.0,14.1,1.7,1.7,2.4,2.1,6.6,21.7,0.654,0.654,,0.654,0.8,0.685,0.0014733521559847334,Above Average Role Player
Pat Connaughton,2019-20,27,MIL,NBA,61,1119,1,4.9,10.7,3.1,5.1,1.8,5.6,1.1,1.5,2.3,8.3,10.6,3.9,0.8,1.2,1.9,2.5,12.6,0.456,0.605,0.321,0.54,0.75,0.5579999999999999,1.13916153375338e-05,Above Average Role Player
Mike Scott,2019-20,31,PHI,NBA,63,1119,10,5.6,13.9,2.5,5.0,3.2,8.9,1.1,1.3,2.5,7.3,9.8,2.1,0.8,0.2,1.0,3.7,15.5,0.408,0.496,0.358,0.522,0.833,0.539,8.567761444308754e-07,Above Average Role Player
Matisse Thybulle,2019-20,22,PHI,NBA,57,1110,13,4.2,10.2,2.0,4.0,2.2,6.2,1.1,1.8,1.5,2.2,3.8,3.1,3.5,1.8,2.0,5.3,11.7,0.41,0.5,0.35200000000000004,0.517,0.61,0.53,8.380728073618016e-07,Below Average Role Player
Markieff Morris,2019-20,30,TOT,NBA,52,1106,16,8.4,18.8,4.8,9.5,3.6,9.3,2.9,3.7,1.5,7.3,8.8,3.3,1.2,0.7,3.3,5.3,23.2,0.445,0.502,0.386,0.54,0.7829999999999999,0.568,6.586781311199414e-06,Below Average Starter
George Hill,2019-20,33,MIL,NBA,52,1103,0,7.4,13.9,4.4,7.6,3.0,6.3,2.9,3.4,1.9,4.5,6.4,6.3,1.7,0.2,2.0,3.1,20.6,0.53,0.5710000000000001,0.48,0.638,0.831,0.6679999999999999,0.00022998557231357686,Above Average Role Player
Willie Cauley-Stein,2019-20,26,TOT,NBA,54,1097,39,7.6,13.2,7.6,13.2,0.0,0.0,1.7,2.9,3.7,10.1,13.8,3.1,2.1,2.7,1.7,5.3,17.0,0.579,0.581,0.0,0.579,0.606,0.589,3.3695011091268876e-05,Above Average Role Player
Derrick Favors,2019-20,28,NOP,NBA,45,1089,43,8.0,12.9,8.0,12.6,0.0,0.3,1.5,2.6,6.2,12.6,18.9,3.2,1.1,1.9,2.2,4.2,17.6,0.62,0.631,0.14300000000000002,0.621,0.581,0.624,0.0004191076074241858,Above Average Role Player
Kelly Olynyk,2019-20,28,MIA,NBA,59,1089,6,6.8,14.2,3.2,5.9,3.6,8.3,3.1,3.7,1.7,10.0,11.6,4.4,1.7,0.8,2.8,6.5,20.3,0.476,0.5379999999999999,0.4320000000000001,0.603,0.8540000000000001,0.64,1.182907961010796e-05,Above Average Role Player
Terence Davis,2019-20,22,TOR,NBA,64,1087,2,7.9,17.2,4.1,7.4,3.9,9.7,2.0,2.3,2.0,7.5,9.5,4.7,1.4,0.5,2.9,4.6,21.7,0.463,0.55,0.396,0.575,0.865,0.598,1.676529884031579e-05,Above Average Role Player
Brandon Clarke,2019-20,23,MEM,NBA,50,1086,3,10.9,17.5,10.0,15.3,0.9,2.2,3.1,4.0,3.4,9.2,12.6,3.1,1.1,1.8,2.0,3.5,25.9,0.623,0.654,0.404,0.648,0.785,0.67,0.0006310499838000209,Above Average Role Player
Paul Millsap,2019-20,34,DEN,NBA,44,1075,41,8.6,17.8,6.4,12.8,2.2,5.0,4.8,5.8,4.0,7.9,11.9,3.2,1.7,1.3,2.8,5.8,24.3,0.486,0.504,0.44,0.5479999999999999,0.833,0.598,0.00033564568874153595,Above Average Role Player
Dwight Powell,2019-20,28,DAL,NBA,40,1061,37,6.7,10.5,6.2,8.7,0.5,1.8,3.4,5.1,3.4,6.9,10.4,2.7,1.6,1.0,1.6,4.7,17.2,0.638,0.716,0.256,0.659,0.667,0.677,9.041236875021858e-05,Above Average Role Player
Gary Trent,2019-20,21,POR,NBA,53,1059,8,6.7,15.8,3.2,6.7,3.5,9.0,1.4,1.6,0.9,3.1,4.0,2.3,1.8,0.6,0.9,3.1,18.3,0.426,0.477,0.388,0.537,0.833,0.555,6.826974369456387e-07,Above Average Role Player
James Ennis,2019-20,29,TOT,NBA,61,1053,10,5.9,13.6,3.7,7.2,2.2,6.4,2.9,3.6,2.8,6.4,9.2,2.5,1.3,0.9,2.0,5.0,16.9,0.435,0.523,0.338,0.515,0.8079999999999999,0.557,8.929705746534275e-07,Above Average Role Player
Alex Caruso,2019-20,25,LAL,NBA,58,1032,1,5.1,12.0,3.3,7.1,1.8,4.9,2.7,3.5,0.6,4.5,5.2,4.7,2.8,0.8,2.1,3.9,14.6,0.423,0.471,0.355,0.496,0.763,0.5379999999999999,2.0603012978564773e-06,Below Average Role Player
Bismack Biyombo,2019-20,27,CHO,NBA,53,1029,29,7.4,13.5,7.4,13.5,0.0,0.0,4.4,7.4,5.8,9.2,15.0,2.4,0.5,2.4,2.3,5.6,19.1,0.5429999999999999,0.5429999999999999,,0.5429999999999999,0.603,0.57,9.150735170418073e-06,Above Average Role Player
Isaac Bonga,2019-20,20,WAS,NBA,58,1025,41,4.4,8.4,3.4,5.9,1.0,2.5,2.4,2.9,2.8,5.6,8.3,2.8,1.7,1.0,1.9,6.2,12.1,0.522,0.574,0.4,0.5820000000000001,0.813,0.627,5.0022843564259346e-08,Above Average Role Player
Taj Gibson,2019-20,34,NYK,NBA,62,1025,56,7.9,13.6,7.7,12.9,0.2,0.7,1.9,2.7,5.3,7.4,12.7,2.5,1.3,1.4,2.2,5.8,18.0,0.584,0.599,0.28600000000000003,0.591,0.732,0.61,9.292988872416128e-07,Above Average Role Player
JaVale McGee,2019-20,32,LAL,NBA,61,1023,61,8.4,13.2,8.3,12.9,0.1,0.3,2.3,3.5,5.2,11.3,16.5,1.6,1.4,4.3,2.2,6.7,19.3,0.64,0.643,0.5,0.645,0.653,0.655,0.00016442195004608753,Above Average Role Player
Jalen Brunson,2019-20,23,DAL,NBA,57,1022,16,8.6,18.4,6.5,12.7,2.0,5.7,2.9,3.6,1.0,5.3,6.3,8.9,1.0,0.2,3.1,3.5,22.1,0.466,0.515,0.358,0.522,0.813,0.5529999999999999,1.365730791322687e-05,Above Average Role Player
Ky Bowman,2019-20,22,GSW,NBA,45,1015,12,6.3,15.1,4.8,10.1,1.6,5.0,1.6,1.9,1.1,4.6,5.7,6.2,2.1,0.5,3.3,4.8,15.8,0.417,0.472,0.308,0.469,0.8290000000000001,0.494,1.0787813689788894e-06,Below Average Role Player
Nerlens Noel,2019-20,25,OKC,NBA,55,1014,6,8.4,12.2,8.3,12.1,0.0,0.1,3.6,4.7,3.9,9.1,13.0,2.5,2.7,3.9,2.6,6.9,20.4,0.685,0.6890000000000001,0.333,0.687,0.765,0.7140000000000001,0.00014822630775447363,Above Average Role Player
Gorgui Dieng,2019-20,30,TOT,NBA,58,1012,17,7.3,15.8,4.9,9.2,2.3,6.5,2.8,3.8,4.0,11.4,15.4,3.3,2.2,2.6,2.5,5.1,19.7,0.461,0.532,0.359,0.535,0.735,0.564,4.070858187656053e-05,Above Average Role Player
De'Anthony Melton,2019-20,21,MEM,NBA,52,1011,8,6.8,16.3,5.1,10.9,1.7,5.4,4.0,4.9,1.7,7.2,8.9,7.3,3.0,0.8,3.6,4.2,19.4,0.419,0.47,0.316,0.472,0.821,0.525,2.4261803133019745e-05,Below Average Role Player
Marvin Williams,2019-20,33,TOT,NBA,52,1011,1,5.3,12.1,2.8,5.1,2.5,7.0,2.3,2.6,1.0,6.2,7.2,2.7,1.7,1.3,1.4,4.6,15.5,0.442,0.552,0.361,0.546,0.87,0.585,1.8210606736157849e-06,Above Average Role Player
Rondae Hollis-Jefferson,2019-20,25,TOR,NBA,52,998,5,6.6,14.1,6.6,13.3,0.1,0.8,4.5,6.2,4.9,7.3,12.1,4.3,2.1,1.1,2.3,5.0,17.9,0.471,0.493,0.118,0.475,0.736,0.5329999999999999,4.256090518578263e-05,Above Average Role Player
Cameron Johnson,2019-20,23,PHO,NBA,49,996,1,6.5,15.4,2.1,4.6,4.3,10.9,1.7,2.2,1.9,4.8,6.7,2.5,1.4,0.8,1.4,3.4,18.9,0.418,0.469,0.397,0.5579999999999999,0.7609999999999999,0.5760000000000001,2.858945720425948e-06,Above Average Role Player
Solomon Hill,2019-20,28,TOT,NBA,54,992,4,4.7,11.7,1.9,4.3,2.8,7.4,1.4,2.0,1.3,6.0,7.3,4.6,1.7,0.6,2.2,3.7,13.7,0.403,0.446,0.378,0.522,0.7140000000000001,0.542,6.692237480584103e-07,Below Average Role Player
Meyers Leonard,2019-20,27,MIA,NBA,49,987,49,5.7,11.1,3.2,5.2,2.5,5.9,0.8,1.3,1.3,11.0,12.3,2.6,0.6,0.7,1.7,5.1,14.9,0.52,0.625,0.429,0.635,0.654,0.64,3.045741090628472e-06,Above Average Role Player
Rajon Rondo,2019-20,33,LAL,NBA,48,984,3,6.6,15.9,4.6,9.8,2.0,6.0,1.3,2.0,1.1,5.8,6.9,11.6,1.9,0.1,4.4,2.8,16.5,0.418,0.473,0.328,0.48,0.659,0.494,4.190101522182553e-05,Below Average Role Player
Grant Williams,2019-20,21,BOS,NBA,62,970,5,4.0,9.6,2.9,5.3,1.0,4.2,1.8,2.5,2.9,5.3,8.2,3.1,1.4,1.6,2.3,7.4,10.9,0.417,0.551,0.247,0.471,0.725,0.508,8.07409724364437e-08,Below Average Role Player
Jakob Poeltl,2019-20,24,SAS,NBA,58,965,10,6.7,10.8,6.7,10.8,0.0,0.0,1.8,3.7,5.2,10.3,15.4,5.1,1.5,4.2,2.2,4.8,15.2,0.619,0.619,,0.619,0.486,0.611,2.7271217003758028e-05,Above Average Role Player
E'Twaun Moore,2019-20,30,NOP,NBA,51,958,5,8.4,19.8,5.5,12.1,2.9,7.7,1.4,2.1,1.4,4.5,5.9,3.5,1.4,0.5,1.8,3.7,21.1,0.424,0.456,0.375,0.498,0.674,0.509,1.7319840648291833e-06,Below Average Role Player
Jaxson Hayes,2019-20,19,NOP,NBA,56,951,12,7.5,11.4,7.5,11.2,0.0,0.2,5.3,8.4,4.0,6.9,10.8,2.5,1.1,2.6,2.0,6.9,20.4,0.66,0.667,0.25,0.662,0.63,0.675,5.653099949614159e-06,Above Average Role Player
Aron Baynes,2019-20,33,PHO,NBA,42,934,28,9.3,19.3,6.3,10.8,3.0,8.5,2.8,3.8,3.6,8.4,12.0,3.4,0.5,1.2,2.5,7.1,24.4,0.48,0.5820000000000001,0.35100000000000003,0.5579999999999999,0.747,0.581,3.2594810414019915e-05,Above Average Role Player
Ryan Arcidiacono,2019-20,25,CHI,NBA,58,930,4,4.7,11.4,1.9,4.2,2.8,7.1,1.4,2.0,1.0,4.7,5.7,5.0,1.4,0.2,1.9,5.0,13.5,0.409,0.439,0.391,0.532,0.711,0.551,1.0651696476942784e-07,Above Average Role Player
Treveon Graham,2019-20,26,TOT,NBA,55,929,20,4.4,12.1,2.7,6.1,1.7,6.0,1.8,2.8,2.6,5.0,7.5,2.3,1.2,0.3,1.5,5.1,12.2,0.36,0.443,0.275,0.428,0.643,0.456,1.9600749271490978e-08,Below Average Role Player
Justin Jackson,2019-20,24,DAL,NBA,58,929,2,6.5,16.2,4.1,8.3,2.3,7.9,1.9,2.3,1.4,6.0,7.4,2.6,0.6,0.5,0.6,3.0,17.1,0.399,0.494,0.298,0.471,0.818,0.498,3.7665072320785273e-07,Above Average Role Player
Isaiah Thomas,2019-20,30,WAS,NBA,40,925,37,8.8,21.5,4.8,12.0,3.9,9.5,3.1,3.8,0.6,2.9,3.4,7.4,0.7,0.3,3.9,3.9,24.6,0.408,0.405,0.413,0.5,0.816,0.531,4.249483216011539e-06,Below Average Starter
DeAndre' Bembry,2019-20,25,ATL,NBA,43,915,4,5.3,11.6,4.5,8.3,0.8,3.3,1.3,2.4,1.7,6.0,7.7,4.1,2.8,1.0,3.1,4.3,12.7,0.456,0.546,0.231,0.489,0.542,0.5,5.33391173105803e-07,Below Average Role Player
Darius Bazley,2019-20,19,OKC,NBA,53,909,8,4.7,12.3,3.1,7.0,1.6,5.4,1.7,2.5,1.1,9.4,10.5,1.6,1.1,1.9,2.1,2.4,12.7,0.383,0.446,0.3,0.448,0.6809999999999999,0.475,5.931646811878112e-07,Below Average Role Player
Cody Martin,2019-20,24,CHO,NBA,48,903,3,4.9,11.5,3.9,7.2,1.0,4.3,2.3,3.6,2.1,6.7,8.8,5.3,2.2,0.5,2.4,4.3,13.2,0.43,0.546,0.234,0.473,0.6459999999999999,0.505,6.500232119095826e-07,Below Average Role Player
Mason Plumlee,2019-20,29,DEN,NBA,53,900,1,8.4,13.6,8.4,13.4,0.0,0.2,4.1,7.6,4.9,10.6,15.5,6.9,1.6,1.8,4.0,6.9,20.9,0.617,0.627,0.0,0.617,0.536,0.615,5.9710082060971803e-05,Above Average Role Player
Ersan İlyasova,2019-20,32,MIL,NBA,56,895,8,7.0,14.8,4.6,8.5,2.3,6.3,3.2,3.8,3.1,11.0,14.1,2.4,1.2,0.7,1.7,4.4,19.5,0.472,0.5479999999999999,0.371,0.552,0.8270000000000001,0.591,4.327213608438624e-05,Above Average Role Player
Alex Len,2019-20,26,TOT,NBA,49,895,9,8.8,15.8,8.1,12.9,0.7,2.9,3.0,4.8,5.0,10.4,15.4,2.5,1.2,2.4,2.6,6.0,21.4,0.556,0.626,0.25,0.579,0.637,0.596,1.4034111712779138e-05,Above Average Role Player
Enes Kanter,2019-20,27,BOS,NBA,51,891,6,9.6,16.9,9.5,16.5,0.1,0.4,3.4,4.8,7.7,13.7,21.4,2.7,1.1,2.1,2.8,4.6,22.6,0.5660000000000001,0.5760000000000001,0.14300000000000002,0.568,0.708,0.594,0.0005037312722606386,Above Average Role Player
Semi Ojeleye,2019-20,25,BOS,NBA,61,891,5,3.5,8.6,1.6,3.3,2.0,5.3,1.4,1.5,1.3,5.4,6.7,1.7,1.0,0.3,0.7,3.4,10.4,0.409,0.475,0.3670000000000001,0.522,0.893,0.557,4.0718001349619034e-08,Above Average Role Player
Nicolò Melli,2019-20,29,NOP,NBA,52,889,6,6.4,14.4,3.0,5.1,3.4,9.4,2.3,3.1,1.9,6.2,8.2,3.5,1.6,1.0,2.2,5.5,18.5,0.442,0.5920000000000001,0.361,0.5589999999999999,0.733,0.583,9.032794351710357e-07,Above Average Role Player
Damian Jones,2019-20,24,ATL,NBA,55,887,27,6.4,9.4,6.3,8.9,0.1,0.5,3.3,4.4,3.9,6.9,10.8,1.8,1.4,2.1,1.5,7.8,16.1,0.68,0.7040000000000001,0.222,0.685,0.738,0.7120000000000001,3.796262226213097e-07,Above Average Role Player
Omari Spellman,2019-20,22,GSW,NBA,49,886,3,6.9,15.9,4.5,10.0,2.3,5.9,3.9,5.0,4.2,7.7,11.8,2.5,1.8,1.3,2.9,3.4,20.0,0.431,0.454,0.391,0.503,0.7929999999999999,0.551,3.1655754487398334e-06,Below Average Role Player
Vince Carter,2019-20,43,ATL,NBA,60,876,0,5.7,16.2,2.4,5.4,3.2,10.7,1.2,1.5,1.0,5.6,6.6,2.6,1.2,1.3,1.8,4.8,15.9,0.35200000000000004,0.451,0.302,0.452,0.7929999999999999,0.47,2.986599944876707e-08,Below Average Role Player
Torrey Craig,2019-20,29,DEN,NBA,50,869,19,5.5,11.8,3.4,5.6,2.0,6.2,1.1,1.8,2.7,6.1,8.9,1.9,1.0,1.8,1.3,6.4,14.1,0.462,0.606,0.33,0.5479999999999999,0.645,0.5589999999999999,4.3239727613165417e-07,Above Average Role Player
Mohamed Bamba,2019-20,21,ORL,NBA,60,868,0,7.4,15.9,5.3,10.0,2.1,5.8,1.7,2.6,5.5,11.3,16.8,2.4,1.2,4.8,2.4,6.5,18.7,0.468,0.534,0.35600000000000004,0.534,0.674,0.5489999999999999,3.171991292078535e-05,Above Average Role Player
Robin Lopez,2019-20,31,MIL,NBA,60,862,4,7.3,14.5,5.5,9.4,1.7,5.1,1.2,2.3,2.8,5.0,7.7,2.2,0.5,2.2,2.9,4.2,17.5,0.502,0.588,0.344,0.562,0.535,0.565,1.370147079412875e-06,Below Average Role Player
Damyean Dotson,2019-20,25,NYK,NBA,48,836,0,7.0,16.9,3.6,7.4,3.4,9.5,1.3,1.9,0.6,4.7,5.3,3.3,1.3,0.2,1.2,2.6,18.7,0.414,0.48,0.362,0.516,0.667,0.527,4.171167243853842e-07,Below Average Role Player
Juan Hernangómez,2019-20,24,TOT,NBA,48,833,14,5.7,14.2,3.2,6.8,2.5,7.4,2.5,4.1,2.5,8.9,11.3,2.3,1.1,0.5,1.8,3.7,16.6,0.405,0.475,0.341,0.494,0.62,0.518,7.565090136817283e-07,Below Average Role Player
Kyle Korver,2019-20,38,MIL,NBA,50,833,0,6.1,14.2,1.4,2.9,4.7,11.4,1.5,1.9,0.8,4.9,5.7,3.3,1.2,0.7,2.3,3.7,18.4,0.429,0.481,0.415,0.595,0.8240000000000001,0.613,3.48843623341299e-06,Above Average Role Player
Matthew Dellavedova,2019-20,29,CLE,NBA,57,821,4,3.7,10.4,2.4,5.0,1.2,5.4,1.9,2.2,1.1,3.4,4.4,10.7,1.2,0.1,3.5,4.6,10.5,0.354,0.488,0.231,0.414,0.865,0.463,2.1724165053288017e-08,Below Average Role Player
Wesley Iwundu,2019-20,25,ORL,NBA,45,810,18,4.6,11.7,3.4,7.7,1.3,4.0,3.7,4.6,1.4,5.4,6.8,2.8,1.5,0.7,1.1,3.7,14.3,0.397,0.441,0.313,0.451,0.816,0.521,5.552681919690476e-07,Above Average Role Player
Marco Belinelli,2019-20,33,SAS,NBA,52,779,0,6.5,16.7,3.0,7.2,3.5,9.6,2.0,2.5,0.2,5.3,5.5,3.9,0.6,0.1,1.0,2.5,18.6,0.391,0.422,0.368,0.496,0.78,0.521,1.323397580109156e-07,Below Average Role Player
Khem Birch,2019-20,27,ORL,NBA,40,777,24,3.5,7.2,3.5,7.2,0.0,0.1,2.6,4.2,4.4,6.9,11.3,2.2,1.0,1.3,1.4,4.6,9.6,0.487,0.491,0.0,0.487,0.612,0.529,5.261387120105588e-07,Above Average Role Player
Thon Maker,2019-20,22,DET,NBA,60,776,14,5.9,12.2,4.5,8.2,1.4,4.1,4.6,7.0,3.4,7.2,10.6,2.7,1.6,2.5,2.9,6.5,17.8,0.482,0.55,0.344,0.539,0.664,0.5820000000000001,2.847681050745302e-07,Above Average Role Player
Dewayne Dedmon,2019-20,30,TOT,NBA,44,774,18,6.3,15.8,5.0,9.2,1.4,6.6,1.9,2.2,3.7,11.7,15.5,1.4,1.6,2.5,3.5,8.3,15.9,0.4,0.541,0.206,0.443,0.833,0.473,7.021519217369678e-07,Below Average Role Player
Michael Carter-Williams,2019-20,28,ORL,NBA,42,773,0,6.6,15.3,5.4,11.0,1.3,4.3,4.5,5.5,2.8,6.1,8.8,6.4,2.8,1.3,3.0,4.9,19.1,0.434,0.489,0.294,0.475,0.828,0.539,1.9517542922585266e-05,Above Average Role Player
Georges Niang,2019-20,26,UTA,NBA,58,772,0,7.6,16.7,2.7,5.1,4.9,11.7,1.2,1.4,0.8,6.1,6.9,2.2,0.8,0.3,1.6,4.0,21.2,0.453,0.5379999999999999,0.416,0.598,0.8640000000000001,0.612,3.486663354136172e-07,Above Average Role Player
Mario Hezonja,2019-20,24,POR,NBA,47,767,4,5.0,11.7,3.7,7.8,1.3,4.0,2.6,3.2,1.6,8.5,10.1,2.6,1.7,0.6,2.3,5.7,14.0,0.429,0.48,0.328,0.484,0.8240000000000001,0.532,8.469298041413659e-08,Below Average Role Player
Lonnie Walker,2019-20,21,SAS,NBA,53,767,4,7.3,16.7,5.4,12.3,1.8,4.4,2.4,3.3,1.3,5.9,7.2,2.9,1.8,0.8,1.9,4.4,18.7,0.434,0.444,0.408,0.489,0.7170000000000001,0.515,1.4508066136181636e-07,Below Average Role Player
Abdel Nader,2019-20,26,OKC,NBA,48,756,5,6.4,14.2,3.9,7.4,2.5,6.8,3.1,4.0,0.9,4.9,5.8,2.3,1.3,1.3,2.3,4.2,18.5,0.455,0.53,0.371,0.5429999999999999,0.774,0.58,3.6147990265168337e-07,Below Average Role Player
Jevon Carter,2019-20,24,PHO,NBA,50,754,2,5.1,12.9,2.3,5.5,2.9,7.3,1.3,1.6,1.6,4.6,6.2,4.1,2.4,0.8,1.9,4.8,14.5,0.4,0.409,0.393,0.512,0.84,0.535,1.585154926164567e-07,Below Average Role Player
Jeff Green,2019-20,33,TOT,NBA,40,754,2,7.4,16.7,4.3,7.9,3.1,8.8,3.6,4.7,1.5,5.7,7.2,2.0,1.3,1.0,2.3,4.1,21.5,0.444,0.5529999999999999,0.348,0.536,0.7809999999999999,0.575,4.086985002116979e-06,Above Average Role Player
Emmanuel Mudiay,2019-20,23,UTA,NBA,48,752,1,8.8,18.7,7.1,13.8,1.8,4.9,3.4,4.5,1.1,6.4,7.5,6.9,1.2,0.6,4.2,4.1,22.8,0.471,0.512,0.355,0.517,0.754,0.55,4.7528374893176395e-06,Below Average Role Player
Rodney McGruder,2019-20,28,LAC,NBA,50,749,3,3.8,9.8,2.5,4.8,1.4,5.0,0.9,1.8,1.6,6.4,8.1,1.9,1.4,0.5,1.3,4.2,10.0,0.391,0.506,0.278,0.462,0.536,0.472,5.6383015128434875e-08,Below Average Role Player
Jerome Robinson,2019-20,22,TOT,NBA,55,748,4,4.7,13.6,2.8,7.0,1.9,6.5,1.3,1.8,0.6,6.1,6.7,4.1,1.4,0.9,2.1,5.2,12.6,0.34700000000000003,0.393,0.298,0.419,0.69,0.439,3.381023482208664e-08,Below Average Role Player
Anthony Tolliver,2019-20,34,TOT,NBA,47,732,9,3.5,10.1,1.0,2.2,2.5,7.9,1.2,1.6,2.0,6.7,8.7,2.1,1.0,0.7,2.0,4.2,10.7,0.348,0.441,0.322,0.474,0.72,0.4970000000000001,1.379835893947121e-08,Below Average Role Player
Chris Boucher,2019-20,27,TOR,NBA,55,724,0,7.8,17.1,6.0,10.6,1.8,6.5,5.4,6.8,6.2,9.8,15.9,1.5,1.3,3.5,1.5,6.9,22.9,0.458,0.565,0.28300000000000003,0.512,0.7959999999999999,0.57,7.203296165725325e-05,Above Average Role Player
Bruno Fernando,2019-20,21,ATL,NBA,56,713,13,6.7,13.0,6.4,10.6,0.3,2.4,1.9,3.3,4.4,8.6,12.9,3.2,1.2,1.1,2.7,7.0,15.7,0.518,0.605,0.135,0.53,0.569,0.542,4.759772712494888e-08,Below Average Role Player
Elie Okobo,2019-20,22,PHO,NBA,54,707,3,4.8,12.1,3.1,7.4,1.7,4.8,3.1,4.5,1.1,4.8,5.9,7.6,1.6,0.3,2.5,3.5,14.4,0.398,0.4270000000000001,0.35200000000000004,0.467,0.687,0.511,1.4403114778665173e-07,Below Average Role Player
Dwayne Bacon,2019-20,24,CHO,NBA,39,687,11,6.2,17.8,4.8,12.9,1.4,4.9,2.6,3.9,1.1,6.2,7.3,3.8,1.7,0.1,2.7,3.8,16.3,0.348,0.373,0.284,0.387,0.66,0.419,1.5104877648417796e-07,Below Average Role Player
Timothé Luwawu-Cabarrot,2019-20,24,BRK,NBA,39,671,0,5.5,13.6,2.8,5.9,2.8,7.7,3.7,4.4,1.7,4.7,6.4,1.8,1.1,0.4,2.3,5.7,17.5,0.406,0.47,0.358,0.508,0.8390000000000001,0.563,2.1402353325799987e-07,Below Average Role Player
Michael Porter,2019-20,21,DEN,NBA,48,670,1,10.4,21.0,7.2,13.5,3.2,7.5,2.4,3.2,3.9,10.8,14.7,2.6,1.5,1.4,2.6,5.5,26.4,0.495,0.536,0.422,0.57,0.767,0.589,2.4887510146408997e-05,Above Average Role Player
Keita Bates-Diop,2019-20,24,TOT,NBA,39,665,0,6.2,14.5,4.1,8.0,2.2,6.6,3.4,4.8,1.5,6.4,7.8,2.1,1.2,1.5,1.0,2.7,18.0,0.428,0.509,0.33,0.502,0.71,0.541,1.1588993856084534e-06,Above Average Role Player
Sterling Brown,2019-20,24,MIL,NBA,45,665,1,5.5,15.0,3.0,7.1,2.5,7.8,1.9,2.4,1.9,9.4,11.3,3.2,1.5,0.5,2.5,3.1,15.3,0.3670000000000001,0.423,0.316,0.45,0.7709999999999999,0.478,2.747397574895871e-06,Below Average Role Player
Frank Jackson,2019-20,21,NOP,NBA,51,656,1,7.0,18.1,4.2,9.6,2.7,8.5,3.4,4.5,1.3,3.7,5.0,2.9,1.1,0.3,3.0,4.7,20.1,0.385,0.438,0.325,0.461,0.75,0.5,2.8129830878365655e-08,Below Average Role Player
Daniel Gafford,2019-20,21,CHI,NBA,43,609,7,7.4,10.6,7.4,10.6,0.0,0.0,2.5,4.7,4.1,4.3,8.4,1.7,1.0,4.4,2.3,7.8,17.4,0.701,0.701,,0.701,0.5329999999999999,0.6859999999999999,5.863819974869052e-07,Above Average Role Player
Patrick Patterson,2019-20,30,LAC,NBA,51,607,18,5.9,14.6,1.6,3.6,4.3,11.0,2.1,2.6,2.3,7.1,9.4,2.4,0.5,0.2,1.4,3.2,18.2,0.404,0.457,0.387,0.551,0.794,0.5760000000000001,2.45217813597019e-07,Above Average Role Player
John Henson,2019-20,29,TOT,NBA,40,600,8,7.7,13.9,7.1,11.0,0.7,2.9,1.9,3.7,3.7,9.4,13.2,4.4,2.0,3.4,2.9,6.3,18.0,0.556,0.644,0.222,0.579,0.5,0.578,3.954996325897122e-06,Above Average Role Player
Alfonzo McKinnie,2019-20,27,CLE,NBA,40,593,1,6.0,14.0,4.8,8.7,1.1,5.3,1.8,2.5,3.0,6.2,9.3,1.1,1.9,0.7,2.1,5.9,14.9,0.4270000000000001,0.557,0.215,0.468,0.71,0.493,1.7370066436862927e-08,Below Average Role Player
Nassir Little,2019-20,19,POR,NBA,48,573,5,5.4,12.6,4.2,7.7,1.2,4.9,2.3,3.7,2.6,6.4,9.0,1.8,1.1,1.2,1.2,6.0,14.3,0.43,0.5539999999999999,0.237,0.477,0.636,0.505,1.2671583150114116e-08,Below Average Role Player
Raul Neto,2019-20,27,PHI,NBA,49,565,3,6.8,15.0,4.4,8.9,2.4,6.1,2.2,2.7,0.9,3.5,4.5,6.6,1.9,0.4,3.6,3.7,18.2,0.451,0.49,0.394,0.531,0.8390000000000001,0.562,1.8040006274356725e-07,Below Average Role Player
Tony Bradley,2019-20,22,UTA,NBA,50,535,2,9.4,14.1,9.3,14.0,0.1,0.1,2.4,3.6,8.2,11.5,19.7,1.5,1.1,2.3,2.1,8.9,21.2,0.665,0.662,1.0,0.6679999999999999,0.65,0.675,5.052116771483238e-06,Above Average Role Player
Nickeil Alexander-Walker,2019-20,21,NOP,NBA,41,501,0,7.1,20.9,3.4,10.1,3.7,10.8,1.6,2.6,0.7,6.6,7.4,6.8,1.0,0.6,3.7,4.2,19.5,0.339,0.336,0.342,0.4270000000000001,0.607,0.441,1.8374414736534658e-07,Below Average Role Player
Rodions Kurucs,2019-20,21,BRK,NBA,39,501,4,5.7,12.7,3.3,6.5,2.4,6.2,1.6,2.7,1.7,7.5,9.2,3.1,1.6,0.3,3.3,6.3,15.3,0.448,0.507,0.385,0.541,0.607,0.5539999999999999,4.6913183369850326e-08,Below Average Role Player
Mike Muscala,2019-20,28,OKC,NBA,41,492,0,6.3,15.7,2.1,3.9,4.3,11.9,1.8,2.2,1.3,8.0,9.3,3.4,0.8,1.1,1.4,5.0,18.7,0.403,0.5379999999999999,0.358,0.5379999999999999,0.818,0.56,4.495484969923116e-07,Above Average Role Player
Yogi Ferrell,2019-20,26,SAC,NBA,44,484,0,6.8,17.0,4.8,10.1,1.9,7.0,3.2,3.7,0.6,4.2,4.8,5.9,1.4,0.4,2.5,3.1,18.6,0.396,0.48,0.275,0.453,0.865,0.499,7.864603703093007e-08,Below Average Role Player
Shaquille Harrison,2019-20,26,CHI,NBA,43,484,10,7.7,16.4,6.1,12.2,1.6,4.2,3.9,5.0,2.2,6.4,8.6,4.9,3.4,1.9,1.9,5.5,20.8,0.467,0.496,0.381,0.515,0.78,0.5589999999999999,4.019200936968362e-06,Above Average Role Player
Marko Guduric,2019-20,24,MEM,NBA,42,476,0,6.0,15.1,3.5,7.2,2.5,7.9,2.3,2.5,1.4,5.6,7.0,4.4,1.2,0.8,3.5,3.3,16.7,0.396,0.493,0.309,0.477,0.92,0.515,3.477637467771031e-08,Below Average Role Player
Cheick Diallo,2019-20,23,PHO,NBA,44,467,2,9.0,13.9,8.9,13.7,0.1,0.2,3.2,3.8,2.8,10.0,12.9,2.2,1.0,1.2,3.0,5.5,21.4,0.65,0.652,0.5,0.653,0.865,0.688,3.0895814214122026e-07,Above Average Role Player
Troy Daniels,2019-20,28,TOT,NBA,42,457,0,6.5,16.6,2.3,4.8,4.2,11.8,1.0,1.7,1.2,3.5,4.8,1.5,0.8,0.3,0.9,3.1,18.1,0.39,0.478,0.354,0.516,0.625,0.524,5.080972717064903e-08,Below Average Role Player
Thabo Sefolosha,2019-20,35,HOU,NBA,41,436,0,3.9,9.7,2.3,3.9,1.6,5.8,0.3,0.9,2.2,7.7,9.9,2.7,2.6,1.3,1.6,4.6,9.8,0.407,0.595,0.278,0.489,0.375,0.487,3.18989975020678e-08,Below Average Role Player
Javonte Green,2019-20,26,BOS,NBA,44,414,1,5.7,11.4,5.0,8.8,0.7,2.7,2.7,4.2,2.1,7.2,9.3,2.7,2.7,0.8,2.1,4.3,14.8,0.5,0.573,0.261,0.531,0.639,0.5579999999999999,1.1525952793051923e-07,Above Average Role Player
Goga Bitadze,2019-20,20,IND,NBA,49,410,2,7.2,15.3,6.5,11.1,0.7,4.3,2.9,3.9,2.6,8.8,11.4,2.5,0.7,3.8,3.0,6.8,18.1,0.473,0.591,0.16699999999999998,0.496,0.727,0.53,1.933548107090289e-07,Below Average Role Player
Jared Dudley,2019-20,34,LAL,NBA,40,311,1,3.1,7.7,0.6,2.4,2.4,5.2,0.3,0.3,0.8,5.8,6.6,2.9,1.8,0.5,0.9,5.5,8.9,0.4,0.25,0.471,0.56,1.0,0.57,5.442544122737857e-09,Above Average Role Player
Chris Silva,2019-20,23,MIA,NBA,41,307,0,6.9,11.0,6.9,10.7,0.0,0.3,5.4,7.8,8.6,8.8,17.4,3.3,1.4,2.9,4.9,12.7,19.1,0.623,0.642,0.0,0.623,0.6940000000000001,0.6629999999999999,9.589623805180581e-08,Above Average Role Player
