Player,Season,Age,Tm,Lg,G,MP,GS,PER,3PAr,FTr,ORB%,DRB%,TRB%,AST%,STL%,BLK%,TOV%,USG%,ORtg,DRtg,OWS,DWS,WS,WS/48,OBPM,DBPM,BPM,VORP
Tobias Harris,2019-20,27,PHI,NBA,65,2243,65,16.8,0.309,0.183,2.7,19.0,10.8,14.6,1.1,1.3,7.9,23.6,112,109,3.0,2.6,5.6,0.12,1.0,-0.4,0.6,1.5
Devin Booker,2019-20,23,PHO,NBA,62,2241,62,19.8,0.313,0.395,1.3,11.7,6.4,30.2,1.0,0.6,15.7,29.5,114,115,4.8,1.2,6.0,0.129,3.1,-1.4,1.7,2.1
James Harden,2019-20,30,HOU,NBA,61,2241,61,28.4,0.555,0.519,3.0,15.3,9.1,34.4,2.2,2.0,13.8,36.4,120,109,8.7,2.7,11.5,0.245,7.9,1.2,9.0,6.3
Bam Adebayo,2019-20,22,MIA,NBA,65,2235,65,20.6,0.018000000000000002,0.476,8.7,25.0,17.2,23.6,1.7,3.8,17.5,20.8,117,106,4.6,3.6,8.1,0.175,1.6,2.1,3.6,3.2
Harrison Barnes,2019-20,27,SAC,NBA,64,2231,64,13.3,0.342,0.343,3.0,12.7,7.7,9.9,0.8,0.4,8.9,17.6,116,115,3.1,1.1,4.2,0.091,0.0,-1.2,-1.2,0.5
CJ McCollum,2019-20,28,POR,NBA,62,2229,62,17.4,0.378,0.135,1.9,9.7,5.9,19.3,1.0,1.5,8.3,26.7,111,117,3.1,0.6,3.7,0.079,2.5,-1.7,0.9,1.6
Shai Gilgeous-Alexander,2019-20,21,OKC,NBA,63,2214,63,17.8,0.237,0.339,2.3,16.4,9.6,14.8,1.5,1.7,9.8,23.7,111,109,2.9,2.6,5.5,0.12,1.4,0.2,1.6,2.0
Devonte' Graham,2019-20,24,CHO,NBA,63,2211,53,15.8,0.607,0.242,2.0,8.7,5.2,35.3,1.4,0.6,14.5,24.8,109,116,2.5,0.9,3.4,0.073,2.6,-2.1,0.5,1.4
P.J. Tucker,2019-20,34,HOU,NBA,64,2203,64,8.7,0.687,0.118,4.8,16.2,10.5,5.9,1.5,1.2,14.6,8.6,117,111,1.8,2.2,3.9,0.086,-2.2,0.6,-1.6,0.2
Donovan Mitchell,2019-20,23,UTA,NBA,63,2165,63,19.1,0.34700000000000003,0.235,2.3,11.2,7.0,21.2,1.5,0.5,10.9,31.0,110,111,3.0,2.2,5.2,0.115,2.4,-0.5,1.9,2.1
Terry Rozier,2019-20,25,CHO,NBA,63,2164,63,14.9,0.45,0.202,2.4,11.8,7.0,20.4,1.4,0.4,12.1,23.7,108,115,1.9,1.1,3.0,0.067,0.8,-1.3,-0.4,0.8
Domantas Sabonis,2019-20,23,IND,NBA,62,2159,62,20.7,0.079,0.349,9.7,29.5,19.7,21.7,1.1,1.2,14.8,23.4,115,106,4.2,3.3,7.6,0.168,2.1,1.1,3.2,2.9
Collin Sexton,2019-20,21,CLE,NBA,65,2143,65,16.3,0.235,0.246,3.1,7.5,5.3,15.1,1.5,0.3,11.6,27.2,108,118,2.2,0.3,2.5,0.057,0.3,-2.1,-1.8,0.1
Rudy Gobert,2019-20,27,UTA,NBA,62,2142,62,21.7,0.0,0.725,11.3,31.3,21.8,6.5,1.1,4.8,15.2,16.1,130,103,6.0,4.0,10.0,0.225,1.8,1.9,3.7,3.1
Damian Lillard,2019-20,29,POR,NBA,58,2140,58,26.2,0.493,0.377,1.5,10.5,6.1,34.1,1.3,0.8,11.0,30.2,125,116,8.9,0.7,9.6,0.215,7.9,-0.7,7.2,5.0
Trae Young,2019-20,21,ATL,NBA,60,2120,60,23.9,0.455,0.448,1.6,11.5,6.5,45.6,1.4,0.3,16.2,34.9,114,117,5.4,0.5,5.9,0.134,6.3,-2.3,4.0,3.2
Nikola Jokić,2019-20,24,DEN,NBA,65,2101,65,25.0,0.233,0.277,8.2,26.9,17.6,34.3,1.8,1.9,15.7,26.6,119,106,6.0,3.2,9.2,0.209,5.4,2.3,7.6,5.1
LeBron James,2019-20,35,LAL,NBA,60,2094,60,26.0,0.324,0.292,3.1,21.0,12.3,49.7,1.7,1.3,15.3,31.6,117,105,6.1,3.4,9.5,0.218,6.8,1.9,8.7,5.7
DeMar DeRozan,2019-20,30,SAS,NBA,61,2091,61,21.3,0.031,0.419,2.0,15.7,8.9,26.0,1.4,0.6,11.5,26.6,117,115,5.1,1.1,6.2,0.14300000000000002,2.1,-0.5,1.6,1.9
Zach LaVine,2019-20,24,CHI,NBA,60,2085,60,19.5,0.404,0.279,2.1,13.8,7.7,21.7,2.0,1.3,13.3,31.7,106,110,1.8,2.2,4.0,0.092,3.3,-0.8,2.5,2.4
Bojan Bogdanović,2019-20,30,UTA,NBA,63,2083,63,15.7,0.489,0.29600000000000004,2.2,11.1,6.8,9.9,0.8,0.3,13.1,25.6,111,113,2.7,1.6,4.3,0.099,1.6,-1.5,0.2,1.1
Julius Randle,2019-20,25,NYK,NBA,64,2080,64,17.5,0.23,0.35,7.5,24.9,16.0,15.8,1.2,1.0,14.3,27.6,105,112,1.0,1.7,2.7,0.062,0.7,-1.0,-0.3,0.9
Bradley Beal,2019-20,26,WAS,NBA,57,2053,57,23.1,0.369,0.35100000000000003,2.7,10.6,6.5,29.1,1.6,1.0,11.4,34.4,113,117,4.6,0.5,5.1,0.119,5.3,-2.4,2.9,2.5
Buddy Hield,2019-20,27,SAC,NBA,64,2045,44,16.3,0.5820000000000001,0.123,3.1,14.1,8.4,15.8,1.4,0.8,11.8,27.1,107,113,1.6,1.5,3.1,0.07400000000000001,2.6,-1.3,1.4,1.7
Jayson Tatum,2019-20,21,BOS,NBA,59,2043,59,20.3,0.377,0.251,3.0,18.8,11.0,14.0,2.0,2.4,9.7,28.6,110,105,2.9,3.4,6.2,0.147,3.3,0.6,3.9,3.0
De'Andre Hunter,2019-20,22,ATL,NBA,63,2018,62,8.6,0.445,0.211,2.3,13.1,7.6,8.0,1.0,0.7,12.1,17.5,100,117,-0.4,0.5,0.1,0.001,-2.8,-1.8,-4.7,-1.4
Chris Paul,2019-20,34,OKC,NBA,63,2003,63,21.7,0.34700000000000003,0.311,1.2,15.5,8.6,33.4,2.4,0.4,13.0,23.2,121,108,5.5,2.5,8.1,0.194,3.1,1.2,4.3,3.2
Miles Bridges,2019-20,21,CHO,NBA,65,1995,64,12.1,0.398,0.174,4.6,15.6,9.9,9.4,1.0,2.2,10.5,20.0,103,114,0.3,1.3,1.6,0.038,-1.5,-1.0,-2.5,-0.3
Spencer Dinwiddie,2019-20,26,BRK,NBA,64,1994,49,17.9,0.392,0.4370000000000001,1.7,9.5,5.7,35.6,1.0,0.9,12.5,29.2,111,112,3.4,1.7,5.1,0.123,2.6,-0.8,1.7,1.9
T.J. Warren,2019-20,26,IND,NBA,61,1984,61,17.2,0.212,0.214,3.4,10.0,6.7,6.8,1.7,1.2,7.5,22.8,115,110,3.1,2.2,5.3,0.129,0.4,-0.2,0.2,1.1
Dennis Schröder,2019-20,26,OKC,NBA,63,1952,1,16.8,0.339,0.243,1.1,11.8,6.6,21.6,1.1,0.6,13.2,27.2,108,112,1.9,1.6,3.5,0.086,1.1,-1.2,-0.1,1.0
Duncan Robinson,2019-20,25,MIA,NBA,65,1949,60,12.8,0.8859999999999999,0.086,0.5,11.2,6.1,7.0,0.9,0.8,8.6,15.8,122,113,3.2,1.5,4.7,0.116,1.2,-0.9,0.3,1.1
Joe Harris,2019-20,28,BRK,NBA,63,1946,63,12.7,0.523,0.118,3.3,10.9,7.2,10.3,0.9,0.7,11.1,17.9,112,112,2.1,1.7,3.8,0.094,0.0,-0.5,-0.5,0.8
Kelly Oubre,2019-20,24,PHO,NBA,56,1933,55,14.9,0.3720000000000001,0.298,3.8,17.3,10.4,6.7,1.7,1.8,8.2,22.4,109,111,1.7,1.9,3.6,0.09,-0.3,-0.4,-0.6,0.7
Evan Fournier,2019-20,27,ORL,NBA,61,1931,61,16.7,0.467,0.236,0.9,8.1,4.4,16.5,1.8,0.7,11.1,24.2,112,112,2.7,1.7,4.4,0.11,1.5,-0.3,1.2,1.6
Ben Simmons,2019-20,23,PHI,NBA,54,1930,54,20.8,0.01,0.46,6.2,18.0,12.1,34.8,2.9,1.4,20.6,20.9,116,105,3.8,3.2,7.0,0.174,1.4,2.4,3.9,2.9
Jrue Holiday,2019-20,29,NOP,NBA,55,1922,55,17.5,0.34600000000000003,0.183,3.8,10.9,7.3,29.8,2.2,1.9,13.6,24.7,109,111,2.1,1.8,4.0,0.099,1.9,0.3,2.3,2.1
Brandon Ingram,2019-20,22,NOP,NBA,56,1919,56,19.2,0.35200000000000004,0.328,2.7,16.6,9.6,19.8,1.3,1.6,13.1,28.2,112,112,3.2,1.7,4.9,0.122,2.7,-0.3,2.4,2.1
Will Barton,2019-20,29,DEN,NBA,58,1916,58,15.7,0.39,0.18,4.4,16.8,10.6,16.0,1.6,1.4,9.9,20.0,112,110,2.4,2.1,4.5,0.113,1.2,-0.1,1.2,1.5
Joe Ingles,2019-20,32,UTA,NBA,64,1916,37,12.5,0.628,0.17,1.4,12.7,7.3,24.0,1.5,0.4,18.9,15.0,114,111,2.4,2.0,4.3,0.108,0.0,0.7,0.7,1.3
Aaron Gordon,2019-20,24,ORL,NBA,58,1914,58,14.8,0.311,0.28,5.6,19.6,12.4,17.2,1.3,1.7,10.3,20.6,107,110,1.2,2.2,3.3,0.084,-0.3,0.1,-0.3,0.8
Hassan Whiteside,2019-20,30,POR,NBA,61,1911,61,25.0,0.01,0.333,13.4,33.4,23.6,6.0,0.6,8.3,13.1,19.8,124,106,5.1,3.0,8.1,0.204,2.5,0.7,3.2,2.5
Cedi Osman,2019-20,24,CLE,NBA,65,1910,65,10.7,0.527,0.154,2.2,11.3,6.7,11.6,1.4,0.7,12.3,16.6,107,117,1.1,0.5,1.6,0.04,-1.6,-0.9,-2.6,-0.3
Russell Westbrook,2019-20,31,HOU,NBA,53,1905,53,21.5,0.168,0.289,5.1,18.4,11.7,35.0,2.1,0.8,14.9,34.4,107,109,2.1,2.3,4.3,0.109,1.9,-0.1,1.8,1.8
Kyle Lowry,2019-20,33,TOR,NBA,52,1901,52,17.9,0.583,0.399,1.7,12.0,7.0,31.0,1.8,1.1,15.0,23.1,117,107,4.1,2.8,6.9,0.173,2.5,0.7,3.2,2.5
Dorian Finney-Smith,2019-20,26,DAL,NBA,64,1898,61,12.2,0.58,0.212,7.0,12.3,9.7,6.8,1.1,1.7,11.2,12.7,122,112,2.9,1.6,4.5,0.114,0.0,-0.1,-0.2,0.9
OG Anunoby,2019-20,22,TOR,NBA,63,1897,62,13.2,0.408,0.163,4.2,14.6,9.5,7.5,2.2,2.1,11.7,14.4,113,104,1.8,3.3,5.1,0.13,-0.9,1.8,0.9,1.4
Anthony Davis,2019-20,26,LAL,NBA,55,1889,55,28.2,0.195,0.46,7.3,22.1,14.9,14.6,2.1,6.2,10.1,29.7,121,101,6.2,4.1,10.3,0.262,5.8,2.8,8.5,5.0
Pascal Siakam,2019-20,25,TOR,NBA,53,1882,53,18.7,0.32,0.275,3.3,18.8,11.2,17.0,1.3,2.5,10.5,28.5,108,105,2.0,3.2,5.2,0.133,1.7,0.5,2.2,2.0
Andre Drummond,2019-20,26,TOT,NBA,57,1879,56,22.0,0.045,0.375,14.9,37.5,26.0,13.6,2.8,4.2,18.2,25.9,104,103,0.7,3.6,4.3,0.109,-0.1,1.1,1.0,1.4
Tomáš Satoranský,2019-20,28,CHI,NBA,65,1878,64,13.5,0.361,0.22,4.3,11.0,7.5,27.1,2.1,0.4,17.7,16.7,111,112,1.8,1.7,3.5,0.09,-1.0,-0.2,-1.2,0.4
Robert Covington,2019-20,29,TOT,NBA,62,1867,60,13.6,0.654,0.16699999999999998,3.0,19.9,11.2,5.8,2.4,3.6,11.8,17.4,106,108,0.9,2.4,3.3,0.085,-1.0,1.1,0.1,1.0
Royce O'Neale,2019-20,26,UTA,NBA,64,1862,55,9.3,0.657,0.153,1.4,17.8,10.0,11.5,1.2,1.3,12.7,9.3,119,109,1.8,2.2,4.0,0.104,-1.3,2.1,0.8,1.3
Andrew Wiggins,2019-20,24,TOT,NBA,54,1858,54,16.4,0.342,0.274,3.6,12.3,7.8,18.1,1.1,2.4,10.7,27.4,105,114,0.9,1.1,1.9,0.05,1.1,-1.5,-0.3,0.8
Taurean Waller-Prince,2019-20,25,BRK,NBA,64,1857,61,9.2,0.583,0.12,2.8,17.9,10.6,9.3,1.5,1.1,14.0,20.4,94,108,-1.7,2.4,0.7,0.019,-2.9,-0.1,-3.0,-0.5
Dillon Brooks,2019-20,24,MEM,NBA,65,1851,65,11.1,0.387,0.192,3.5,8.4,6.0,10.0,1.4,1.2,9.7,25.0,100,113,-0.3,1.3,1.0,0.025,-2.8,-1.5,-4.3,-1.1
Jimmy Butler,2019-20,30,MIA,NBA,54,1851,54,23.4,0.162,0.679,6.2,15.2,10.9,28.1,2.4,1.6,11.2,25.2,123,108,6.0,2.5,8.5,0.219,4.0,1.3,5.2,3.4
Al Horford,2019-20,33,PHI,NBA,60,1848,57,15.6,0.404,0.112,5.5,19.1,12.3,19.2,1.4,2.5,8.7,17.6,114,108,2.5,2.5,5.0,0.13,1.1,1.1,2.2,2.0
Kendrick Nunn,2019-20,24,MIA,NBA,62,1846,62,13.5,0.426,0.108,1.2,8.7,5.1,18.7,1.4,0.6,10.2,23.7,106,113,1.0,1.4,2.4,0.064,-0.7,-1.3,-2.0,0.0
Darius Garland,2019-20,20,CLE,NBA,59,1824,59,8.5,0.423,0.103,1.6,5.2,3.4,18.5,1.1,0.2,17.1,20.7,96,119,-1.3,0.0,-1.3,-0.035,-2.7,-2.9,-5.6,-1.7
Nemanja Bjelica,2019-20,31,SAC,NBA,64,1821,61,15.6,0.488,0.121,6.5,19.4,12.8,14.6,1.4,1.7,12.6,17.4,117,111,3.0,1.7,4.7,0.125,1.2,0.4,1.6,1.7
Lonzo Ball,2019-20,22,NOP,NBA,56,1817,47,13.7,0.578,0.107,3.6,16.6,10.1,29.3,2.0,1.4,20.7,18.6,105,111,0.7,1.9,2.6,0.068,0.4,0.6,1.0,1.3
Tim Hardaway,2019-20,27,DAL,NBA,63,1815,50,15.0,0.574,0.191,1.4,9.9,5.7,10.2,1.0,0.2,6.6,21.7,116,114,3.1,1.1,4.2,0.111,1.5,-1.2,0.4,1.1
Markelle Fultz,2019-20,21,ORL,NBA,64,1813,59,14.4,0.175,0.209,2.0,10.9,6.3,28.8,2.2,0.5,15.1,20.7,105,110,0.8,1.9,2.7,0.071,-1.9,0.2,-1.7,0.1
Jamal Murray,2019-20,22,DEN,NBA,55,1804,55,17.5,0.359,0.209,2.6,10.8,6.7,22.7,1.8,0.8,11.8,25.2,111,111,2.5,1.6,4.2,0.111,1.8,-0.7,1.1,1.4
Ricky Rubio,2019-20,29,PHO,NBA,57,1802,57,16.3,0.308,0.334,2.5,14.0,8.2,39.9,2.3,0.4,18.1,20.2,112,111,2.4,1.7,4.1,0.109,0.5,0.2,0.7,1.2
Luka Dončić,2019-20,20,DAL,NBA,54,1799,54,27.7,0.442,0.442,4.1,24.7,14.6,45.3,1.6,0.5,14.6,37.0,116,108,5.8,2.3,8.1,0.215,7.3,1.1,8.4,4.7
Gary Harris,2019-20,25,DEN,NBA,56,1780,55,9.7,0.405,0.177,1.6,8.6,5.1,8.9,2.1,0.7,9.7,15.1,105,111,0.5,1.7,2.2,0.059,-2.8,0.4,-2.4,-0.2
Kevin Love,2019-20,31,CLE,NBA,56,1780,56,17.9,0.536,0.301,3.3,31.1,17.1,15.4,0.9,0.9,14.5,23.1,112,113,2.5,1.2,3.8,0.102,2.6,-0.6,2.1,1.8
Mikal Bridges,2019-20,23,PHO,NBA,65,1772,24,13.0,0.391,0.258,3.6,12.8,8.1,8.9,2.5,1.9,12.5,12.4,119,110,2.2,1.9,4.1,0.111,-0.7,1.5,0.8,1.3
Ja Morant,2019-20,20,MEM,NBA,59,1771,59,18.0,0.174,0.331,2.7,9.5,6.2,34.6,1.4,0.7,17.2,26.0,110,113,2.2,1.2,3.4,0.093,1.6,-1.3,0.4,1.1
Giannis Antetokounmpo,2019-20,25,MIL,NBA,57,1763,57,31.6,0.238,0.5,7.8,34.5,22.0,33.9,1.5,2.9,13.1,37.4,116,96,5.6,4.8,10.4,0.282,7.4,4.1,11.5,6.0
Nikola Vučević,2019-20,29,ORL,NBA,54,1763,54,21.6,0.274,0.16,7.6,29.4,18.1,20.0,1.3,2.4,7.3,25.8,113,107,2.9,2.6,5.5,0.15,3.4,0.6,4.0,2.7
Kevin Huerter,2019-20,21,ATL,NBA,56,1760,48,11.5,0.5479999999999999,0.105,2.1,12.0,7.0,17.5,1.4,1.3,12.0,17.1,107,116,1.0,0.6,1.6,0.042,-0.6,-0.9,-1.6,0.2
P.J. Washington,2019-20,21,CHO,NBA,58,1759,57,12.4,0.39,0.231,3.5,16.6,9.8,11.3,1.5,2.3,12.5,18.6,105,112,0.5,1.4,2.0,0.054000000000000006,-1.7,0.1,-1.6,0.2
Lou Williams,2019-20,33,LAC,NBA,60,1757,8,17.2,0.334,0.365,1.7,9.1,5.5,29.9,1.1,0.5,14.4,28.3,109,111,2.2,1.7,3.9,0.107,2.1,-1.4,0.8,1.2
LaMarcus Aldridge,2019-20,34,SAS,NBA,53,1754,53,19.8,0.198,0.241,6.3,17.8,12.0,11.4,1.0,4.4,7.8,23.6,115,113,3.1,1.4,4.4,0.122,1.8,-0.5,1.3,1.5
Montrezl Harrell,2019-20,26,LAC,NBA,63,1749,2,23.1,0.022,0.4320000000000001,9.9,16.2,13.1,10.3,1.1,3.6,10.1,25.5,119,107,4.5,2.5,7.0,0.193,2.4,0.5,2.9,2.2
Glenn Robinson,2019-20,26,TOT,NBA,60,1743,52,13.4,0.33,0.14400000000000002,4.7,11.7,8.1,8.6,1.5,0.8,7.9,16.4,114,115,2.0,0.8,2.8,0.077,-0.5,-1.1,-1.6,0.2
Danuel House,2019-20,26,HOU,NBA,58,1739,47,11.4,0.645,0.17600000000000002,3.4,11.5,7.4,6.1,1.7,1.6,8.6,13.5,116,111,1.9,1.6,3.5,0.096,-0.6,0.1,-0.5,0.7
Marcus Morris,2019-20,30,TOT,NBA,55,1727,55,14.8,0.4320000000000001,0.279,3.3,14.2,8.6,6.9,1.2,1.4,9.5,22.8,111,113,2.0,1.2,3.2,0.08800000000000001,0.9,-0.8,0.1,0.9
Terrence Ross,2019-20,28,ORL,NBA,63,1723,0,14.2,0.584,0.207,0.8,12.3,6.3,6.8,2.0,1.2,6.8,22.8,106,110,1.0,1.8,2.9,0.08,0.0,-0.3,-0.4,0.7
Marcus Smart,2019-20,25,BOS,NBA,53,1721,39,14.0,0.5820000000000001,0.201,2.5,10.1,6.4,21.0,2.4,1.5,11.5,19.3,110,107,1.7,2.4,4.1,0.115,0.2,1.3,1.6,1.5
Tristan Thompson,2019-20,28,CLE,NBA,57,1721,51,16.8,0.041,0.28600000000000003,14.5,22.9,18.6,10.5,0.9,2.5,14.0,18.3,112,114,2.0,1.1,3.1,0.085,-0.2,-1.3,-1.5,0.2
Fred VanVleet,2019-20,25,TOR,NBA,48,1719,48,16.0,0.482,0.237,1.1,9.7,5.5,27.4,2.5,0.7,12.4,22.0,111,106,2.2,2.7,4.9,0.136,1.0,1.3,2.3,1.8
RJ Barrett,2019-20,19,NYK,NBA,56,1704,55,10.7,0.271,0.349,3.0,14.8,8.7,12.8,1.6,0.9,12.9,24.0,95,114,-1.6,1.1,-0.5,-0.015,-2.8,-1.5,-4.3,-1.0
Jaylen Brown,2019-20,23,BOS,NBA,50,1702,50,17.1,0.364,0.28,3.4,16.5,10.0,10.2,1.6,0.9,11.8,24.7,111,108,2.1,2.3,4.5,0.126,1.0,-0.1,0.9,1.2
Langston Galloway,2019-20,28,DET,NBA,66,1702,6,12.3,0.611,0.157,2.2,7.8,5.0,8.8,1.4,0.5,6.5,15.9,118,116,2.4,0.7,3.1,0.087,0.1,-0.9,-0.8,0.5
Jae Crowder,2019-20,29,TOT,NBA,58,1695,46,12.1,0.6920000000000001,0.236,3.1,18.7,11.1,11.7,1.9,1.1,9.9,15.6,109,109,1.2,2.0,3.2,0.09,-0.9,0.3,-0.6,0.6
Maxi Kleber,2019-20,28,DAL,NBA,66,1695,21,13.8,0.614,0.172,6.2,15.5,11.0,6.2,0.6,3.9,8.7,13.9,123,111,2.9,1.7,4.6,0.131,0.5,0.2,0.6,1.1
Danilo Gallinari,2019-20,31,OKC,NBA,55,1690,55,19.4,0.5379999999999999,0.35200000000000004,2.2,17.1,9.9,10.5,1.2,0.2,7.5,24.4,119,111,4.1,1.6,5.7,0.163,4.1,-0.9,3.2,2.2
Jerami Grant,2019-20,25,DEN,NBA,64,1676,22,14.2,0.394,0.308,3.5,11.6,7.5,6.7,1.3,2.9,8.0,17.8,116,111,2.4,1.7,4.0,0.116,-0.1,-0.4,-0.4,0.7
Coby White,2019-20,19,CHI,NBA,65,1674,1,11.9,0.475,0.163,1.8,14.0,7.6,16.5,1.4,0.3,11.4,24.4,100,112,-0.4,1.4,0.9,0.026,-1.2,-1.6,-2.8,-0.3
Eric Paschall,2019-20,23,GSW,NBA,60,1654,26,14.5,0.202,0.331,5.2,13.1,9.0,12.7,0.9,0.7,11.4,21.4,110,117,1.6,0.5,2.1,0.062,-0.7,-2.0,-2.7,-0.3
Khris Middleton,2019-20,28,MIL,NBA,55,1653,52,21.4,0.374,0.231,2.5,17.0,10.2,21.0,1.4,0.4,10.8,26.2,119,103,4.3,3.1,7.4,0.214,3.4,0.9,4.4,2.7
Jarrett Allen,2019-20,21,BRK,NBA,64,1647,58,20.3,0.012,0.574,12.5,25.0,18.9,7.8,1.1,4.3,12.2,15.0,130,105,4.3,2.8,7.1,0.207,1.0,1.1,2.1,1.7
Kawhi Leonard,2019-20,28,LAC,NBA,51,1643,51,26.7,0.287,0.344,3.3,19.7,11.7,27.0,2.6,1.7,10.7,33.2,116,104,4.6,3.0,7.6,0.222,6.5,2.5,9.0,4.6
Tony Snell,2019-20,28,DET,NBA,59,1641,57,9.7,0.665,0.084,0.6,7.1,3.8,10.9,1.0,0.8,7.3,11.4,121,117,2.1,0.5,2.6,0.076,-1.1,-0.6,-1.8,0.1
Bruce Brown,2019-20,23,DET,NBA,58,1634,43,11.9,0.215,0.266,4.2,15.0,9.5,20.4,1.9,1.5,16.7,16.0,106,112,0.8,1.4,2.1,0.062,-2.0,0.8,-1.2,0.3
Jonas Valančiūnas,2019-20,27,MEM,NBA,62,1630,62,22.3,0.12,0.256,12.5,31.9,22.4,10.2,0.7,3.7,12.8,21.4,120,107,3.8,2.4,6.2,0.182,2.2,0.0,2.3,1.8
Myles Turner,2019-20,23,IND,NBA,55,1628,55,14.7,0.443,0.279,4.8,19.5,12.2,5.1,1.3,6.5,10.5,17.5,108,105,1.0,2.8,3.7,0.111,-0.9,1.1,0.2,0.9
Carmelo Anthony,2019-20,35,POR,NBA,50,1623,50,12.2,0.28600000000000003,0.197,4.0,15.8,10.0,7.0,1.2,1.2,10.5,21.6,102,115,0.1,0.9,1.0,0.029,-1.9,-1.8,-3.7,-0.7
Brook Lopez,2019-20,31,MIL,NBA,61,1622,60,14.0,0.4970000000000001,0.212,2.7,13.2,8.3,7.8,1.2,8.0,9.2,17.5,106,99,0.8,3.9,4.6,0.13699999999999998,-1.1,2.8,1.8,1.5
Justin Holiday,2019-20,30,IND,NBA,65,1617,2,12.7,0.667,0.13699999999999998,2.1,11.9,7.0,7.1,2.3,2.3,8.0,13.5,116,108,1.7,2.2,4.0,0.117,0.0,1.7,1.6,1.5
Alec Burks,2019-20,28,TOT,NBA,59,1612,18,16.0,0.389,0.358,2.8,15.2,8.8,16.9,1.7,0.9,9.5,23.8,110,114,1.9,1.1,2.9,0.08800000000000001,0.6,-0.7,-0.2,0.7
Kent Bazemore,2019-20,30,TOT,NBA,64,1604,21,9.2,0.461,0.287,1.6,16.9,9.2,7.1,2.1,2.1,13.2,17.2,96,111,-0.8,1.5,0.7,0.02,-3.4,0.4,-3.0,-0.4
Kentavious Caldwell-Pope,2019-20,26,LAL,NBA,63,1603,20,11.6,0.474,0.204,2.6,6.3,4.5,8.7,1.6,0.7,9.8,14.8,117,110,2.0,1.8,3.8,0.114,-0.8,0.5,-0.3,0.7
Kristaps Porziņģis,2019-20,24,DAL,NBA,51,1597,51,19.3,0.447,0.282,5.9,25.3,15.8,8.6,1.1,5.6,8.5,26.6,109,106,1.7,2.6,4.3,0.129,1.2,0.3,1.5,1.4
Kemba Walker,2019-20,29,BOS,NBA,50,1592,50,20.2,0.526,0.27,2.2,11.4,6.9,24.6,1.4,1.5,10.3,27.8,115,109,3.5,1.9,5.4,0.163,5.0,-0.2,4.7,2.7
Thaddeus Young,2019-20,31,CHI,NBA,64,1591,16,13.3,0.369,0.12,6.2,16.1,10.9,11.3,2.8,1.4,13.9,19.7,101,108,-0.2,2.1,1.9,0.058,-1.4,0.2,-1.1,0.4
Dāvis Bertāns,2019-20,27,WAS,NBA,54,1583,4,15.5,0.774,0.2,2.3,15.1,8.5,8.3,1.1,1.8,8.2,19.0,120,117,3.0,0.5,3.5,0.106,2.7,-1.8,0.9,1.1
Bryn Forbes,2019-20,26,SAS,NBA,63,1579,62,11.2,0.6559999999999999,0.155,0.8,7.8,4.3,9.6,1.0,0.0,8.4,18.6,109,118,1.2,0.2,1.5,0.045,-0.6,-2.1,-2.7,-0.3
Ish Smith,2019-20,31,WAS,NBA,60,1570,19,13.8,0.258,0.12,1.9,11.7,6.6,25.9,1.5,1.3,11.2,18.3,109,117,1.3,0.4,1.7,0.053,-0.3,-1.1,-1.4,0.2
Steven Adams,2019-20,26,OKC,NBA,58,1564,58,20.8,0.006999999999999999,0.413,14.4,23.8,19.3,13.5,1.6,3.5,14.1,17.2,123,106,3.7,2.5,6.2,0.19,2.1,1.1,3.2,2.0
Josh Hart,2019-20,24,NOP,NBA,57,1563,14,11.7,0.6759999999999999,0.189,3.6,21.4,12.5,8.0,1.7,1.1,11.1,15.3,109,110,1.0,1.7,2.7,0.083,-1.2,0.6,-0.6,0.6
Cam Reddish,2019-20,20,ATL,NBA,58,1551,34,9.0,0.451,0.227,2.4,12.7,7.5,8.0,1.9,1.5,13.6,18.9,95,115,-1.2,0.8,-0.4,-0.011,-3.2,-1.0,-4.2,-0.9
Josh Okogie,2019-20,21,MIN,NBA,62,1547,28,11.5,0.387,0.48,5.7,12.8,9.1,8.9,2.0,1.4,15.3,15.1,108,113,1.0,1.2,2.2,0.067,-2.4,0.0,-2.4,-0.1
Garrett Temple,2019-20,33,BRK,NBA,55,1547,31,10.3,0.66,0.139,1.9,10.5,6.3,13.1,1.3,1.4,9.3,16.6,105,110,0.5,1.6,2.1,0.065,-1.5,0.4,-1.1,0.4
Cory Joseph,2019-20,28,SAC,NBA,64,1538,22,10.3,0.363,0.157,2.6,9.5,6.0,19.4,1.5,1.3,14.0,13.0,111,114,1.1,1.0,2.2,0.067,-2.1,0.3,-1.8,0.1
Goran Dragić,2019-20,33,MIA,NBA,54,1531,1,15.9,0.472,0.333,2.0,9.9,6.1,28.6,1.0,0.5,14.9,25.7,110,113,2.0,1.1,3.0,0.095,1.4,-1.9,-0.5,0.6
Danny Green,2019-20,32,LAL,NBA,61,1529,61,11.1,0.7040000000000001,0.104,3.2,11.3,7.3,7.3,2.4,1.7,10.8,13.8,111,106,1.1,2.4,3.4,0.108,-0.8,1.7,0.9,1.1
Wesley Matthews,2019-20,33,MIL,NBA,62,1529,62,8.4,0.691,0.157,1.4,8.5,5.2,7.4,1.1,0.5,8.7,12.7,109,106,0.8,2.4,3.1,0.099,-2.5,0.8,-1.7,0.1
Jordan Clarkson,2019-20,27,TOT,NBA,63,1527,0,17.9,0.469,0.193,3.5,8.5,6.0,13.4,1.4,0.8,9.1,25.5,114,114,2.6,0.9,3.5,0.11,2.7,-1.1,1.6,1.4
Eric Bledsoe,2019-20,30,MIL,NBA,56,1524,56,18.1,0.304,0.292,2.8,13.3,8.4,28.5,1.6,1.4,15.8,24.0,113,103,2.4,2.9,5.3,0.168,1.1,1.1,2.2,1.6
Troy Brown,2019-20,20,WAS,NBA,61,1519,14,13.7,0.287,0.225,4.4,19.6,11.7,13.0,2.3,0.3,10.5,17.0,110,114,1.2,0.9,2.2,0.069,-0.8,-0.4,-1.3,0.3
Jaren Jackson,2019-20,20,MEM,NBA,54,1512,54,16.1,0.485,0.237,3.8,13.7,8.8,7.5,1.1,5.0,10.8,23.9,109,110,1.5,1.7,3.1,0.1,0.2,0.0,0.2,0.8
Bogdan Bogdanović,2019-20,27,SAC,NBA,53,1510,20,14.3,0.595,0.16399999999999998,1.2,11.8,6.4,17.2,1.7,0.9,11.5,22.3,108,113,1.2,1.1,2.4,0.075,0.7,-0.3,0.4,0.9
Jarrett Culver,2019-20,20,MIN,NBA,63,1506,35,9.6,0.388,0.206,4.7,10.3,7.4,10.8,1.8,2.1,11.5,19.2,94,113,-1.2,1.1,-0.1,-0.004,-3.2,-0.8,-4.0,-0.8
Gordon Hayward,2019-20,29,BOS,NBA,45,1501,45,18.2,0.311,0.183,3.2,17.6,10.5,19.0,1.1,1.2,10.8,20.9,118,108,3.1,1.9,5.0,0.16,2.6,0.3,2.9,1.8
Trevor Ariza,2019-20,34,TOT,NBA,53,1493,21,11.0,0.639,0.228,2.5,15.6,9.0,8.1,2.2,0.9,13.6,11.9,114,112,1.3,1.3,2.6,0.084,-1.5,0.9,-0.5,0.6
Lauri Markkanen,2019-20,22,CHI,NBA,50,1492,50,14.3,0.536,0.259,4.2,19.7,11.6,7.6,1.4,1.5,11.0,21.1,108,110,1.1,1.6,2.6,0.084,0.2,-0.8,-0.5,0.5
Josh Richardson,2019-20,26,PHI,NBA,48,1474,46,12.1,0.373,0.223,2.8,9.4,6.1,14.8,1.5,2.0,12.6,21.1,103,110,0.3,1.6,1.9,0.062,-1.5,-0.2,-1.7,0.1
Malcolm Brogdon,2019-20,27,IND,NBA,48,1472,48,17.8,0.29600000000000004,0.246,3.0,13.8,8.5,34.5,1.1,0.5,13.6,25.2,110,111,2.0,1.4,3.5,0.113,2.2,-0.5,1.7,1.4
Larry Nance,2019-20,27,CLE,NBA,56,1472,10,17.3,0.369,0.172,7.9,23.1,15.4,12.3,1.9,1.3,11.5,15.2,122,113,2.8,1.1,3.9,0.128,1.4,0.3,1.8,1.4
Derrick White,2019-20,25,SAS,NBA,61,1468,13,15.9,0.345,0.377,2.2,12.0,7.1,19.5,1.3,3.3,12.2,18.2,117,114,2.5,0.9,3.4,0.11,0.7,0.2,0.9,1.1
Jeff Teague,2019-20,31,TOT,NBA,59,1464,17,14.6,0.239,0.403,1.9,8.6,5.2,30.7,1.4,1.1,16.8,19.5,112,116,1.9,0.6,2.5,0.08199999999999999,-0.2,-1.3,-1.5,0.2
D'Angelo Russell,2019-20,23,TOT,NBA,45,1452,45,18.7,0.509,0.235,1.2,12.3,6.6,35.2,1.6,0.8,13.6,31.5,106,115,1.1,0.7,1.8,0.06,3.8,-1.9,1.9,1.4
Seth Curry,2019-20,29,DAL,NBA,59,1448,20,16.2,0.564,0.165,1.9,8.0,5.0,12.1,1.2,0.5,9.5,18.6,124,114,3.4,0.9,4.3,0.14400000000000002,2.0,-0.7,1.4,1.2
Dejounte Murray,2019-20,23,SAS,NBA,58,1447,50,17.1,0.168,0.175,5.0,20.0,12.5,23.7,3.3,1.0,15.7,20.6,107,109,0.9,1.7,2.6,0.087,-0.5,1.5,1.0,1.1
Dario Šarić,2019-20,25,PHO,NBA,58,1441,50,13.3,0.455,0.202,6.7,20.2,13.3,10.9,1.1,0.9,12.3,17.2,112,112,1.5,1.2,2.7,0.091,-0.5,-0.4,-0.9,0.4
Ben McLemore,2019-20,26,HOU,NBA,63,1437,19,11.7,0.83,0.132,1.5,8.7,5.1,5.3,1.2,0.7,8.5,15.6,118,114,2.1,0.9,3.0,0.1,0.0,-0.7,-0.7,0.5
Patty Mills,2019-20,31,SAS,NBA,63,1430,1,14.7,0.675,0.188,1.4,6.0,3.7,11.3,1.7,0.4,7.6,20.5,115,117,2.1,0.5,2.6,0.086,1.1,-1.2,-0.1,0.7
Maurice Harkless,2019-20,26,TOT,NBA,62,1427,48,9.7,0.34600000000000003,0.233,4.1,13.3,8.7,6.3,1.9,2.0,14.5,10.7,110,108,0.8,1.9,2.7,0.09,-2.6,1.9,-0.8,0.5
De'Aaron Fox,2019-20,22,SAC,NBA,45,1426,43,20.3,0.221,0.442,2.3,12.3,7.2,35.4,2.2,1.5,14.6,29.6,110,111,2.1,1.3,3.5,0.117,2.1,-0.3,1.8,1.4
J.J. Redick,2019-20,35,NOP,NBA,54,1425,35,15.1,0.618,0.292,0.7,9.7,5.2,10.8,0.6,0.5,9.4,19.9,122,116,3.2,0.6,3.7,0.125,2.0,-1.6,0.4,0.9
Damion Lee,2019-20,27,GSW,NBA,49,1423,36,12.7,0.468,0.247,2.4,16.3,9.1,14.4,1.7,0.4,10.6,19.0,108,114,0.9,0.8,1.7,0.058,-1.5,-0.8,-2.3,-0.1
Mitchell Robinson,2019-20,21,NYK,NBA,61,1412,7,23.5,0.0,0.434,13.7,18.8,16.2,3.9,1.8,8.0,8.3,13.3,144,107,4.8,2.0,6.8,0.23,1.6,1.3,3.0,1.8
Delon Wright,2019-20,27,DAL,NBA,65,1412,5,16.1,0.307,0.236,5.0,14.0,9.6,21.2,2.6,1.3,13.9,14.8,121,109,2.6,1.8,4.3,0.14800000000000002,0.4,2.0,2.4,1.6
Monte Morris,2019-20,24,DEN,NBA,65,1402,8,14.9,0.298,0.128,1.6,7.3,4.4,23.3,1.9,1.1,8.1,17.2,117,112,2.2,1.2,3.4,0.117,0.2,-0.1,0.1,0.8
Austin Rivers,2019-20,27,HOU,NBA,60,1402,4,10.3,0.537,0.208,1.9,8.8,5.3,9.5,1.4,0.6,6.9,14.9,112,113,1.3,1.0,2.2,0.077,-1.9,-0.4,-2.3,-0.1
Anfernee Simons,2019-20,20,POR,NBA,65,1400,4,9.3,0.417,0.175,1.9,8.9,5.4,9.4,0.9,0.6,9.7,19.0,102,118,0.1,0.2,0.3,0.01,-2.5,-1.8,-4.4,-0.8
Furkan Korkmaz,2019-20,22,PHI,NBA,64,1398,12,11.7,0.617,0.14,1.3,10.4,5.8,7.3,1.3,0.9,8.7,18.5,109,111,1.0,1.3,2.3,0.079,-0.6,-0.9,-1.5,0.2
Bobby Portis,2019-20,24,NYK,NBA,66,1393,5,14.6,0.317,0.158,6.0,20.4,12.9,11.1,1.1,1.2,10.4,21.4,107,113,0.9,1.0,1.9,0.064,0.1,-1.1,-1.0,0.3
Daniel Theis,2019-20,27,BOS,NBA,58,1382,57,18.2,0.212,0.277,10.2,19.2,14.7,9.9,1.2,5.0,10.1,14.7,130,105,3.6,2.3,5.9,0.205,0.4,1.8,2.3,1.5
Serge Ibaka,2019-20,30,TOR,NBA,50,1377,27,18.0,0.266,0.191,8.2,23.3,15.9,8.8,0.8,2.9,12.9,24.1,110,104,1.5,2.4,3.9,0.136,0.5,-0.1,0.4,0.9
Aaron Holiday,2019-20,23,IND,NBA,58,1368,26,11.7,0.409,0.145,1.7,8.9,5.3,19.5,1.6,0.8,12.4,19.4,104,111,0.4,1.4,1.7,0.06,-1.4,-0.3,-1.7,0.1
John Collins,2019-20,22,ATL,NBA,41,1363,41,23.5,0.243,0.248,9.0,24.0,16.4,7.6,1.1,4.1,10.1,22.7,124,112,3.8,1.1,4.9,0.174,3.7,-0.7,3.1,1.7
Donte DiVincenzo,2019-20,23,MIL,NBA,59,1362,22,15.0,0.489,0.173,4.6,15.7,10.5,13.3,2.7,1.2,12.9,16.9,112,100,1.4,3.1,4.5,0.158,-0.6,2.7,2.1,1.4
Cody Zeller,2019-20,27,CHO,NBA,58,1341,39,18.8,0.157,0.374,12.6,21.2,16.7,11.3,1.5,1.7,11.9,20.8,116,111,2.4,1.2,3.6,0.129,0.2,-0.8,-0.6,0.5
Joel Embiid,2019-20,25,PHI,NBA,44,1329,44,26.0,0.23,0.545,10.1,33.1,21.6,17.3,1.4,3.7,13.4,32.6,114,104,3.2,2.4,5.6,0.203,4.1,1.2,5.2,2.4
Kyle Kuzma,2019-20,24,LAL,NBA,54,1327,7,11.6,0.401,0.221,4.0,15.5,9.9,7.4,0.8,1.4,11.6,23.2,100,109,-0.2,1.6,1.4,0.052000000000000005,-2.2,-1.3,-3.5,-0.5
Christian Wood,2019-20,24,DET,NBA,62,1325,12,23.2,0.276,0.476,8.8,24.8,16.7,7.6,1.3,3.4,12.0,23.0,123,110,3.6,1.5,5.1,0.184,3.5,-0.3,3.1,1.7
Patrick Beverley,2019-20,31,LAC,NBA,48,1299,48,12.3,0.609,0.126,4.6,15.7,10.3,18.2,1.9,1.7,15.7,13.0,115,106,1.4,2.0,3.4,0.126,-0.5,2.6,2.1,1.3
Derrick Rose,2019-20,31,DET,NBA,50,1298,15,21.1,0.195,0.185,2.3,8.3,5.3,40.5,1.5,1.0,13.4,31.6,109,115,1.9,0.6,2.5,0.093,4.0,-1.7,2.2,1.4
Landry Shamet,2019-20,22,LAC,NBA,47,1294,27,9.2,0.764,0.179,0.5,6.5,3.6,9.0,0.7,0.6,8.7,13.3,119,112,1.7,1.0,2.7,0.1,-1.4,-0.2,-1.6,0.1
Jeremy Lamb,2019-20,27,IND,NBA,46,1291,42,14.1,0.33,0.23,2.1,14.9,8.5,10.5,2.1,1.5,8.7,19.7,108,108,0.9,1.8,2.7,0.099,-1.1,0.7,-0.4,0.5
Rudy Gay,2019-20,33,SAS,NBA,60,1287,5,14.4,0.369,0.225,4.7,22.3,13.5,11.3,1.0,1.9,12.4,21.3,105,113,0.6,0.9,1.5,0.054000000000000006,-0.5,-1.0,-1.5,0.2
Tyler Herro,2019-20,20,MIA,NBA,47,1280,6,11.4,0.476,0.14800000000000002,1.3,14.6,8.2,11.1,1.1,0.5,11.3,22.0,100,112,-0.3,1.1,0.9,0.033,-1.0,-1.3,-2.3,-0.1
Clint Capela,2019-20,25,HOU,NBA,39,1279,39,20.7,0.0,0.268,13.7,30.5,22.0,5.7,1.2,4.8,12.7,16.0,124,105,2.9,2.1,5.0,0.18600000000000005,1.1,0.4,1.5,1.1
Jordan Poole,2019-20,20,GSW,NBA,57,1274,14,7.2,0.528,0.237,0.7,9.6,5.0,15.8,1.3,0.7,11.8,21.1,91,117,-1.6,0.4,-1.2,-0.047,-4.4,-2.2,-6.6,-1.5
Trey Lyles,2019-20,24,SAS,NBA,63,1271,53,12.7,0.49,0.131,6.0,24.6,15.3,7.3,1.1,1.9,9.7,13.7,113,113,1.2,1.0,2.2,0.081,-0.5,-0.7,-1.2,0.2
Kris Dunn,2019-20,25,CHI,NBA,51,1269,32,12.1,0.327,0.158,1.9,14.9,8.1,19.4,3.8,1.3,15.7,14.6,104,106,0.3,2.0,2.3,0.085,-3.7,3.1,-0.6,0.4
Norman Powell,2019-20,26,TOR,NBA,44,1269,23,17.4,0.457,0.252,2.0,11.2,6.7,9.7,2.1,1.3,10.0,21.5,117,106,2.2,1.9,4.2,0.157,1.4,0.9,2.3,1.4
Sviatoslav Mykhailiuk,2019-20,22,DET,NBA,56,1265,27,11.2,0.7040000000000001,0.173,1.5,7.9,4.7,12.3,1.6,0.3,12.3,17.1,110,116,1.0,0.6,1.6,0.06,-0.7,-1.2,-1.8,0.0
Wendell Carter,2019-20,20,CHI,NBA,43,1256,43,15.5,0.085,0.443,11.6,24.6,17.8,6.0,1.3,2.7,14.9,16.4,115,108,1.7,1.6,3.3,0.127,-2.1,-0.3,-2.4,-0.1
Derrick Jones,2019-20,22,MIA,NBA,51,1249,15,14.8,0.39,0.35,5.4,13.5,9.6,6.7,2.1,2.9,6.8,14.1,124,108,2.3,1.6,3.9,0.15,-0.4,1.1,0.8,0.9
Elfrid Payton,2019-20,25,NYK,NBA,45,1246,36,16.0,0.157,0.195,4.3,14.1,9.1,38.6,2.7,1.3,16.7,19.5,105,111,0.5,1.2,1.7,0.065,-0.3,0.3,0.0,0.6
Doug McDermott,2019-20,28,IND,NBA,62,1242,0,14.3,0.54,0.106,2.1,11.7,6.9,8.3,0.4,0.3,7.2,19.6,118,113,2.1,0.9,3.0,0.115,1.5,-1.5,0.0,0.6
DeAndre Jordan,2019-20,31,BRK,NBA,56,1234,6,20.0,0.0,0.425,12.1,34.2,23.4,12.8,0.7,3.5,17.8,14.1,128,104,3.0,2.3,5.3,0.204,1.1,1.8,2.8,1.5
Shabazz Napier,2019-20,28,TOT,NBA,51,1234,30,14.5,0.5379999999999999,0.341,2.1,10.8,6.3,29.1,2.5,0.6,18.9,19.6,109,114,1.1,0.8,1.9,0.075,-0.3,-0.2,-0.5,0.5
Tyus Jones,2019-20,23,MEM,NBA,65,1232,6,15.7,0.289,0.135,0.8,7.9,4.4,31.7,2.2,0.4,10.8,17.2,116,112,2.0,1.0,3.0,0.115,0.4,0.1,0.6,0.8
Paul George,2019-20,29,LAC,NBA,42,1222,42,20.5,0.494,0.277,1.9,18.1,10.2,21.2,2.2,1.4,13.0,29.6,111,105,1.9,2.0,3.9,0.153,3.4,1.1,4.5,2.0
Draymond Green,2019-20,29,GSW,NBA,43,1222,43,12.6,0.408,0.263,2.0,22.3,11.8,31.2,2.3,2.4,21.8,15.7,100,110,-0.2,1.3,1.1,0.044,-2.0,1.9,-0.2,0.6
Rui Hachimura,2019-20,21,WAS,NBA,41,1217,41,13.9,0.16,0.243,5.5,17.4,11.2,8.3,1.3,0.5,7.5,18.7,112,117,1.3,0.4,1.7,0.066,-1.1,-1.9,-3.0,-0.3
D.J. Augustin,2019-20,32,ORL,NBA,49,1215,6,14.2,0.438,0.395,1.5,8.3,4.8,26.7,1.2,0.1,12.9,19.1,114,114,1.8,0.8,2.6,0.101,-0.3,-1.0,-1.4,0.2
Brad Wanamaker,2019-20,30,BOS,NBA,63,1215,1,11.8,0.28300000000000003,0.365,1.7,9.2,5.5,17.6,2.1,0.9,15.9,15.4,112,108,1.2,1.5,2.7,0.108,-2.5,1.2,-1.3,0.2
Malik Beasley,2019-20,23,TOT,NBA,55,1209,14,12.7,0.517,0.124,1.6,11.9,6.6,9.4,1.6,0.6,9.2,21.8,105,113,0.4,0.9,1.3,0.053,-0.7,-1.3,-2.0,0.0
Marquese Chriss,2019-20,22,GSW,NBA,59,1196,21,19.4,0.101,0.405,10.0,23.6,16.5,15.3,1.6,4.7,14.7,19.0,117,110,2.1,1.3,3.4,0.136,0.1,0.5,0.6,0.8
Dwight Howard,2019-20,34,LAL,NBA,62,1193,2,18.7,0.019,0.7,14.6,26.8,20.9,4.8,1.1,5.6,17.8,14.5,126,102,2.6,2.4,5.0,0.202,-0.8,1.4,0.5,0.8
T.J. McConnell,2019-20,27,IND,NBA,63,1188,3,16.2,0.041,0.099,3.0,12.1,7.6,37.2,1.8,0.8,18.5,17.2,113,110,1.6,1.4,2.9,0.119,0.1,0.2,0.3,0.7
Frank Ntilikina,2019-20,21,NYK,NBA,57,1187,26,9.8,0.411,0.177,2.0,9.1,5.4,20.2,2.2,1.3,16.5,15.4,103,113,0.1,0.8,0.9,0.037000000000000005,-3.6,0.4,-3.2,-0.4
Avery Bradley,2019-20,29,LAL,NBA,49,1186,44,8.9,0.452,0.063,1.7,8.7,5.3,7.1,1.7,0.4,10.7,15.7,104,109,0.2,1.4,1.6,0.066,-2.9,0.5,-2.4,-0.1
Mike Conley,2019-20,32,UTA,NBA,41,1171,35,13.7,0.438,0.241,2.7,9.5,6.2,22.8,1.3,0.3,12.4,23.0,108,112,1.0,1.0,2.1,0.085,0.4,-0.4,0.0,0.6
Terrance Ferguson,2019-20,21,OKC,NBA,50,1170,37,4.1,0.779,0.095,2.3,4.6,3.5,5.0,1.1,1.2,12.6,9.0,100,114,-0.1,0.8,0.7,0.027000000000000003,-4.5,0.3,-4.1,-0.6
Malik Monk,2019-20,21,CHO,NBA,55,1169,1,12.7,0.418,0.205,2.4,12.6,7.3,16.6,1.1,1.3,12.6,22.9,102,115,0.1,0.6,0.7,0.028,-1.0,-1.3,-2.3,-0.1
Kevin Knox,2019-20,20,NYK,NBA,65,1166,4,8.4,0.496,0.252,2.5,14.7,8.4,7.4,1.0,2.3,9.2,17.8,97,114,-0.5,0.7,0.2,0.006,-3.1,-1.1,-4.2,-0.6
Kevin Porter,2019-20,19,CLE,NBA,50,1162,3,10.8,0.375,0.24,2.1,13.5,7.7,13.9,1.9,1.0,16.7,20.5,99,115,-0.3,0.6,0.3,0.011,-3.2,-0.6,-3.7,-0.5
Ivica Zubac,2019-20,22,LAC,NBA,64,1156,62,21.0,0.006,0.42,15.2,25.7,20.6,8.7,0.5,4.6,11.8,16.2,132,104,3.6,2.0,5.6,0.231,1.5,1.0,2.5,1.3
Kyle Anderson,2019-20,26,MEM,NBA,59,1140,20,13.0,0.221,0.236,5.1,18.3,11.8,15.1,1.9,2.4,15.1,13.3,111,109,0.9,1.4,2.2,0.095,-1.3,1.9,0.6,0.7
Caris LeVert,2019-20,25,BRK,NBA,39,1131,25,15.1,0.31,0.264,3.7,10.6,7.2,23.5,1.8,0.5,12.6,28.8,101,110,-0.1,1.2,1.2,0.05,0.1,-0.7,-0.6,0.4
JaMychal Green,2019-20,29,LAC,NBA,55,1130,0,10.8,0.675,0.146,7.0,24.3,15.9,5.1,1.0,1.6,12.3,13.5,111,106,0.8,1.8,2.6,0.111,-1.4,0.6,-0.8,0.3
Richaun Holmes,2019-20,26,SAC,NBA,39,1125,33,20.5,0.0,0.312,11.5,21.3,16.3,5.4,1.7,4.7,11.8,16.0,131,108,3.2,1.5,4.6,0.198,0.6,0.9,1.5,1.0
Pat Connaughton,2019-20,27,MIL,NBA,61,1119,1,11.2,0.525,0.138,5.3,16.9,11.4,10.6,0.8,2.3,14.5,11.9,113,103,0.9,2.1,3.0,0.13,-1.1,1.6,0.5,0.7
Mike Scott,2019-20,31,PHI,NBA,63,1119,10,10.2,0.639,0.094,5.7,16.5,11.1,5.9,0.8,0.4,6.7,13.8,113,111,1.0,1.1,2.1,0.08900000000000001,-1.2,-1.1,-2.3,-0.1
Matisse Thybulle,2019-20,22,PHI,NBA,57,1110,13,9.8,0.607,0.175,3.5,5.1,4.3,8.3,3.5,3.1,15.1,11.6,103,105,0.1,1.8,1.9,0.084,-3.0,3.1,0.1,0.6
Markieff Morris,2019-20,30,TOT,NBA,52,1106,16,12.4,0.494,0.195,3.4,17.0,10.2,10.4,1.2,1.2,14.0,21.1,104,113,0.4,0.8,1.2,0.053,-1.2,-0.9,-2.1,0.0
George Hill,2019-20,33,MIL,NBA,52,1103,0,17.5,0.452,0.247,4.3,9.2,6.9,18.4,1.7,0.3,11.6,15.8,132,105,3.2,1.9,5.1,0.22,1.8,1.4,3.2,1.5
Willie Cauley-Stein,2019-20,26,TOT,NBA,54,1097,39,17.0,0.003,0.219,8.0,23.2,15.5,9.9,2.1,4.9,10.8,14.4,118,108,1.5,1.5,3.0,0.129,-1.2,1.7,0.5,0.7
Derrick Favors,2019-20,28,NOP,NBA,45,1089,43,19.0,0.023,0.203,14.1,29.0,21.5,9.8,1.1,3.4,13.3,14.4,126,108,2.4,1.4,3.8,0.168,0.8,0.4,1.2,0.9
Kelly Olynyk,2019-20,28,MIA,NBA,59,1089,6,14.7,0.584,0.259,4.0,22.0,13.4,13.2,1.7,1.6,15.1,16.9,117,108,1.7,1.5,3.2,0.14,0.1,1.0,1.1,0.8
Terence Davis,2019-20,22,TOR,NBA,64,1087,2,14.5,0.568,0.133,4.6,16.3,10.5,14.6,1.4,1.1,13.6,18.9,113,106,1.4,1.6,3.0,0.133,0.7,0.6,1.3,0.9
Brandon Clarke,2019-20,23,MEM,NBA,50,1086,3,21.8,0.127,0.228,7.7,20.3,14.1,10.1,1.1,3.3,9.3,19.0,129,109,3.1,1.3,4.4,0.192,2.8,0.7,3.5,1.5
Paul Millsap,2019-20,34,DEN,NBA,44,1075,41,17.7,0.282,0.326,9.0,17.9,13.5,9.5,1.7,2.4,12.1,20.3,117,108,2.0,1.4,3.4,0.151,0.6,0.0,0.6,0.7
Dwight Powell,2019-20,28,DAL,NBA,40,1061,37,16.0,0.17,0.485,7.5,14.7,11.2,7.7,1.6,1.8,11.5,12.7,134,110,2.6,1.1,3.7,0.16899999999999998,0.4,1.0,1.4,0.9
Gary Trent,2019-20,21,POR,NBA,53,1059,8,11.8,0.574,0.103,2.0,6.6,4.3,6.5,1.8,1.0,4.9,15.4,115,116,1.2,0.4,1.6,0.071,-0.5,-0.6,-1.1,0.3
James Ennis,2019-20,29,TOT,NBA,61,1053,10,11.5,0.473,0.265,6.3,14.5,10.4,7.2,1.3,1.6,11.6,15.2,111,110,0.9,1.2,2.1,0.096,-2.1,-0.3,-2.5,-0.1
Alex Caruso,2019-20,25,LAL,NBA,58,1032,1,11.0,0.412,0.292,1.5,10.1,5.9,12.6,2.8,1.4,13.6,13.9,108,106,0.6,1.6,2.2,0.103,-2.4,2.4,0.1,0.5
Bismack Biyombo,2019-20,27,CHO,NBA,53,1029,29,16.1,0.0,0.5429999999999999,12.3,20.7,16.3,7.8,0.5,4.4,12.2,16.8,116,112,1.5,0.9,2.4,0.113,-1.8,-0.7,-2.5,-0.1
Isaac Bonga,2019-20,20,WAS,NBA,58,1025,41,10.7,0.299,0.348,6.3,13.6,9.8,7.7,1.7,1.8,16.2,10.3,121,116,1.3,0.4,1.7,0.081,-2.4,0.0,-2.4,-0.1
Taj Gibson,2019-20,34,NYK,NBA,62,1025,56,16.1,0.049,0.196,11.2,16.7,13.9,7.6,1.3,2.8,13.1,14.8,121,113,1.8,0.8,2.6,0.12,-0.7,-0.4,-1.1,0.2
JaVale McGee,2019-20,32,LAL,NBA,61,1023,61,20.0,0.021,0.265,12.1,25.2,18.8,4.7,1.4,7.9,12.9,15.0,126,100,2.2,2.3,4.5,0.211,-0.3,2.3,2.1,1.1
Jalen Brunson,2019-20,23,DAL,NBA,57,1022,16,15.0,0.309,0.193,2.3,11.3,6.9,26.9,1.0,0.3,13.6,20.4,114,113,1.6,0.7,2.3,0.108,0.1,-0.9,-0.8,0.3
Ky Bowman,2019-20,22,GSW,NBA,45,1015,12,9.2,0.333,0.128,2.5,10.7,6.5,19.4,2.1,0.9,17.1,17.2,96,115,-0.6,0.6,-0.1,-0.003,-4.0,-0.3,-4.3,-0.6
Nerlens Noel,2019-20,25,OKC,NBA,55,1014,6,21.7,0.012,0.386,9.3,20.0,14.8,7.9,2.7,6.9,15.4,15.3,130,102,2.7,2.1,4.8,0.225,0.5,3.4,4.0,1.5
Gorgui Dieng,2019-20,30,TOT,NBA,58,1012,17,17.4,0.414,0.242,8.8,26.5,17.5,10.3,2.2,4.6,12.7,17.7,112,106,1.1,1.6,2.7,0.128,0.0,1.8,1.8,0.9
De'Anthony Melton,2019-20,21,MEM,NBA,52,1011,8,14.6,0.331,0.3,3.9,15.9,10.0,20.9,3.0,1.5,16.3,19.6,105,108,0.4,1.4,1.8,0.086,-1.6,1.8,0.3,0.6
Marvin Williams,2019-20,33,TOT,NBA,52,1011,1,11.4,0.578,0.217,2.1,13.7,7.8,8.0,1.7,2.4,9.3,13.0,116,110,1.0,1.0,2.1,0.099,-1.7,1.0,-0.7,0.3
Rondae Hollis-Jefferson,2019-20,25,TOR,NBA,52,998,5,15.5,0.058,0.4370000000000001,11.0,15.8,13.4,12.9,2.1,2.1,12.2,17.2,115,104,1.4,1.8,3.2,0.153,-1.1,1.5,0.5,0.6
Cameron Johnson,2019-20,23,PHO,NBA,49,996,1,12.2,0.705,0.142,4.3,11.5,7.8,7.4,1.4,1.4,7.7,16.0,114,113,1.1,0.7,1.8,0.086,0.5,-0.7,-0.2,0.5
Solomon Hill,2019-20,28,TOT,NBA,54,992,4,9.8,0.629,0.16899999999999998,2.9,13.2,8.2,12.6,1.7,1.1,15.0,13.2,107,111,0.4,0.9,1.3,0.064,-1.9,0.2,-1.6,0.1
Meyers Leonard,2019-20,27,MIA,NBA,49,987,49,11.1,0.534,0.117,3.2,24.1,14.1,7.7,0.6,1.5,13.0,12.0,117,110,1.0,1.1,2.1,0.104,-1.0,0.4,-0.6,0.3
Rajon Rondo,2019-20,33,LAL,NBA,48,984,3,12.4,0.381,0.125,2.6,12.9,7.9,32.4,1.9,0.2,20.8,18.7,103,108,0.2,1.3,1.5,0.073,-1.1,0.0,-1.2,0.2
Grant Williams,2019-20,21,BOS,NBA,62,970,5,8.0,0.443,0.266,6.5,11.7,9.1,8.3,1.4,3.1,17.7,11.5,105,108,0.2,1.3,1.5,0.075,-4.0,1.4,-2.6,-0.1
Jakob Poeltl,2019-20,24,SAS,NBA,58,965,10,19.6,0.0,0.339,11.6,23.0,17.3,14.6,1.5,7.7,15.2,13.3,125,108,2.0,1.3,3.3,0.165,0.8,2.3,3.1,1.2
E'Twaun Moore,2019-20,30,NOP,NBA,51,958,5,11.1,0.39,0.105,3.2,10.4,6.8,10.9,1.4,0.9,8.1,19.9,104,114,0.2,0.6,0.8,0.042,-2.0,-1.0,-2.9,-0.2
Jaxson Hayes,2019-20,19,NOP,NBA,56,951,12,17.8,0.017,0.736,9.0,15.7,12.3,7.5,1.1,4.6,11.6,15.1,131,110,2.5,1.0,3.5,0.17600000000000002,-0.8,0.8,0.1,0.5
Aron Baynes,2019-20,33,PHO,NBA,42,934,28,15.1,0.441,0.197,8.3,20.2,14.1,11.0,0.5,2.2,10.8,21.1,113,113,1.3,0.7,2.0,0.103,-0.2,-0.9,-1.1,0.2
Ryan Arcidiacono,2019-20,25,CHI,NBA,58,930,4,9.0,0.627,0.173,2.3,11.2,6.5,14.3,1.4,0.3,13.5,12.5,111,113,0.7,0.7,1.4,0.07,-2.7,-0.1,-2.8,-0.2
Treveon Graham,2019-20,26,TOT,NBA,55,929,20,6.6,0.496,0.231,5.7,11.7,8.6,6.6,1.2,0.5,9.8,13.1,99,116,-0.2,0.4,0.2,0.009000000000000001,-4.5,-1.1,-5.5,-0.8
Justin Jackson,2019-20,24,DAL,NBA,58,929,2,10.0,0.486,0.141,3.1,12.7,8.0,7.2,0.6,0.9,3.5,15.8,110,114,0.7,0.6,1.3,0.066,-1.7,-1.2,-2.9,-0.2
Isaiah Thomas,2019-20,30,WAS,NBA,40,925,37,11.6,0.444,0.17800000000000002,1.3,7.0,4.0,23.2,0.7,0.6,14.4,24.1,103,121,0.2,-0.1,0.0,0.001,-0.5,-3.9,-4.4,-0.6
DeAndre' Bembry,2019-20,25,ATL,NBA,43,915,4,9.6,0.285,0.211,4.0,14.1,8.9,12.3,2.8,1.7,19.4,14.0,95,112,-0.5,0.7,0.2,0.011,-3.5,1.0,-2.4,-0.1
Darius Bazley,2019-20,19,OKC,NBA,53,909,8,8.1,0.435,0.204,2.7,20.7,12.0,4.3,1.1,3.3,13.8,14.1,90,108,-0.8,1.2,0.4,0.019,-3.1,0.6,-2.5,-0.1
Cody Martin,2019-20,24,CHO,NBA,48,903,3,10.5,0.3720000000000001,0.314,4.4,15.1,9.6,15.7,2.2,0.9,15.7,13.6,104,112,0.2,0.8,1.0,0.052000000000000005,-3.1,1.0,-2.1,0.0
Mason Plumlee,2019-20,29,DEN,NBA,53,900,1,19.1,0.016,0.556,11.0,23.9,17.4,20.0,1.6,3.4,18.9,18.4,117,106,1.7,1.3,3.0,0.162,0.2,2.0,2.2,1.0
Ersan İlyasova,2019-20,32,MIL,NBA,56,895,8,15.2,0.428,0.259,7.1,22.5,15.2,7.0,1.2,1.4,9.3,16.4,119,101,1.5,1.9,3.4,0.18,-0.2,0.8,0.6,0.6
Alex Len,2019-20,26,TOT,NBA,49,895,9,18.0,0.185,0.301,11.4,24.5,17.9,8.1,1.2,4.5,12.8,18.3,116,111,1.4,0.9,2.3,0.122,-0.2,-0.2,-0.5,0.3
Enes Kanter,2019-20,27,BOS,NBA,51,891,6,22.0,0.023,0.28600000000000003,17.1,30.2,23.7,8.4,1.1,3.9,12.9,19.3,121,103,2.1,1.7,3.8,0.207,1.6,-0.1,1.5,0.8
Semi Ojeleye,2019-20,25,BOS,NBA,61,891,5,7.6,0.616,0.17600000000000002,2.9,11.9,7.5,4.5,1.0,0.5,6.5,8.8,119,111,0.8,0.9,1.7,0.091,-2.1,0.5,-1.6,0.1
Nicolò Melli,2019-20,29,NOP,NBA,52,889,6,12.3,0.647,0.21600000000000005,4.4,14.3,9.3,10.2,1.6,1.8,12.1,15.9,114,112,1.0,0.8,1.8,0.095,-0.9,0.3,-0.6,0.3
Damian Jones,2019-20,24,ATL,NBA,55,887,27,15.5,0.051,0.472,8.9,16.2,12.5,5.6,1.4,3.8,11.5,11.4,138,113,2.2,0.6,2.8,0.152,-1.6,0.1,-1.4,0.1
Omari Spellman,2019-20,22,GSW,NBA,49,886,3,14.4,0.373,0.312,9.1,18.0,13.4,8.1,1.8,2.4,13.9,18.8,107,112,0.5,0.7,1.2,0.065,-0.7,-1.0,-1.7,0.1
Vince Carter,2019-20,43,ATL,NBA,60,876,0,7.6,0.664,0.095,2.2,13.2,7.6,7.7,1.2,2.4,9.4,16.6,94,116,-0.6,0.4,-0.2,-0.011,-3.1,-1.2,-4.3,-0.5
Torrey Craig,2019-20,29,DEN,NBA,50,869,19,10.4,0.524,0.149,6.1,13.8,10.0,5.2,1.0,3.4,9.0,12.2,115,110,0.8,0.9,1.7,0.095,-2.4,0.1,-2.3,-0.1
Mohamed Bamba,2019-20,21,ORL,NBA,60,868,0,17.8,0.369,0.163,11.7,25.7,18.5,7.3,1.2,8.9,12.2,17.2,111,103,0.9,1.7,2.5,0.14,-1.1,1.7,0.5,0.6
Robin Lopez,2019-20,31,MIL,NBA,60,862,4,11.1,0.35200000000000004,0.158,6.3,10.2,8.4,6.4,0.5,4.1,15.6,16.6,104,104,0.2,1.5,1.7,0.095,-2.4,0.5,-1.9,0.0
Damyean Dotson,2019-20,25,NYK,NBA,48,836,0,10.9,0.562,0.114,1.2,10.6,5.8,10.0,1.3,0.5,6.5,16.5,109,116,0.6,0.3,0.9,0.053,-0.9,-0.5,-1.4,0.1
Juan Hernangómez,2019-20,24,TOT,NBA,48,833,14,10.4,0.522,0.287,5.5,20.4,12.8,6.6,1.1,1.0,10.3,15.7,105,112,0.2,0.7,1.0,0.055,-2.2,-1.1,-3.3,-0.3
Kyle Korver,2019-20,38,MIL,NBA,50,833,0,11.2,0.799,0.131,1.8,10.1,6.2,9.5,1.2,1.3,13.3,15.7,112,105,0.8,1.4,2.2,0.125,-0.5,0.7,0.2,0.5
Matthew Dellavedova,2019-20,29,CLE,NBA,57,821,4,8.1,0.52,0.211,2.4,7.8,5.1,29.0,1.2,0.2,23.6,13.0,103,118,0.1,0.1,0.2,0.01,-3.6,-1.6,-5.2,-0.7
Wesley Iwundu,2019-20,25,ORL,NBA,45,810,18,9.9,0.345,0.392,2.9,12.4,7.5,7.9,1.5,1.2,7.3,13.1,111,111,0.6,0.8,1.4,0.08,-3.1,0.2,-2.9,-0.2
Marco Belinelli,2019-20,33,SAS,NBA,52,779,0,10.2,0.5720000000000001,0.151,0.6,11.9,6.2,11.3,0.6,0.1,5.2,17.0,108,118,0.4,0.1,0.6,0.035,-1.0,-1.9,-2.9,-0.2
Khem Birch,2019-20,27,ORL,NBA,40,777,24,10.1,0.009000000000000001,0.583,9.3,15.7,12.4,6.1,1.0,2.4,13.7,9.3,116,110,0.7,0.8,1.5,0.092,-3.3,0.3,-3.0,-0.2
Thon Maker,2019-20,22,DET,NBA,60,776,14,13.7,0.332,0.57,7.8,16.7,12.2,8.0,1.6,4.2,15.7,16.1,111,110,0.7,0.8,1.5,0.096,-2.0,0.7,-1.4,0.1
Dewayne Dedmon,2019-20,30,TOT,NBA,44,774,18,9.4,0.42,0.141,8.5,27.7,17.9,4.1,1.5,4.8,17.4,18.2,90,108,-1.0,1.1,0.1,0.006,-5.8,0.0,-5.8,-0.7
Michael Carter-Williams,2019-20,28,ORL,NBA,42,773,0,15.7,0.281,0.36,5.9,13.8,9.7,19.4,2.8,2.3,14.6,18.4,110,107,0.7,1.1,1.9,0.116,-1.3,1.7,0.4,0.5
Georges Niang,2019-20,26,UTA,NBA,58,772,0,12.4,0.698,0.083,1.8,13.2,7.7,6.7,0.8,0.5,8.6,17.1,116,112,1.0,0.7,1.7,0.105,0.9,-0.4,0.5,0.5
Mario Hezonja,2019-20,24,POR,NBA,47,767,4,9.5,0.339,0.27,3.6,18.1,10.9,7.2,1.7,1.0,14.9,13.7,104,113,0.1,0.6,0.7,0.046,-3.1,0.2,-2.9,-0.2
Lonnie Walker,2019-20,21,SAS,NBA,53,767,4,11.0,0.266,0.199,2.8,13.4,8.1,8.4,1.8,1.5,9.6,18.2,101,114,0.0,0.5,0.5,0.028,-2.5,-0.7,-3.2,-0.2
Abdel Nader,2019-20,26,OKC,NBA,48,756,5,11.2,0.477,0.282,2.1,10.8,6.6,6.6,1.3,2.3,12.7,16.5,107,111,0.4,0.7,1.1,0.07200000000000001,-1.1,0.2,-0.8,0.2
Jevon Carter,2019-20,24,PHO,NBA,50,754,2,10.4,0.5710000000000001,0.122,3.6,11.0,7.2,11.7,2.4,1.5,12.6,13.9,107,111,0.3,0.7,1.1,0.068,-1.6,1.0,-0.6,0.3
Jeff Green,2019-20,33,TOT,NBA,40,754,2,12.8,0.529,0.28,3.4,12.5,8.1,6.2,1.3,1.7,10.9,18.9,110,110,0.6,0.8,1.4,0.08900000000000001,-0.4,0.0,-0.5,0.3
Emmanuel Mudiay,2019-20,23,UTA,NBA,48,752,1,13.7,0.263,0.239,2.6,13.7,8.4,21.8,1.2,1.1,16.9,22.4,105,110,0.3,0.8,1.1,0.071,-1.2,0.1,-1.1,0.2
Rodney McGruder,2019-20,28,LAC,NBA,50,749,3,6.5,0.506,0.179,3.7,13.7,8.8,5.1,1.4,0.9,11.1,10.5,99,108,-0.1,1.0,0.8,0.054000000000000006,-3.8,0.8,-3.0,-0.2
Jerome Robinson,2019-20,22,TOT,NBA,55,748,4,6.0,0.481,0.134,1.3,13.8,7.5,11.4,1.4,1.6,12.9,14.6,91,111,-0.7,0.7,0.0,0.003,-4.6,0.1,-4.5,-0.5
Anthony Tolliver,2019-20,34,TOT,NBA,47,732,9,6.6,0.7809999999999999,0.161,4.3,14.5,9.5,5.7,1.0,1.3,15.3,11.4,100,115,-0.1,0.4,0.3,0.018000000000000002,-3.1,-0.7,-3.8,-0.3
Chris Boucher,2019-20,27,TOR,NBA,55,724,0,19.8,0.381,0.396,14.0,21.1,17.7,4.7,1.3,7.1,7.0,19.4,122,101,1.7,1.5,3.2,0.214,0.4,1.0,1.4,0.6
Bruno Fernando,2019-20,21,ATL,NBA,56,713,13,11.9,0.18600000000000005,0.256,10.0,20.0,15.0,9.9,1.2,2.0,15.9,15.3,107,114,0.4,0.4,0.8,0.055,-3.2,-1.0,-4.1,-0.4
Elie Okobo,2019-20,22,PHO,NBA,54,707,3,10.5,0.392,0.37,2.5,11.6,6.9,21.5,1.6,0.5,15.3,14.9,107,113,0.4,0.5,0.9,0.059,-2.0,-0.1,-2.1,0.0
Dwayne Bacon,2019-20,24,CHO,NBA,39,687,11,6.1,0.275,0.217,2.3,14.0,7.9,11.7,1.7,0.3,12.2,19.5,86,114,-1.2,0.4,-0.8,-0.053,-5.9,-0.9,-6.8,-0.8
Timothé Luwawu-Cabarrot,2019-20,24,BRK,NBA,39,671,0,8.9,0.568,0.32299999999999995,3.8,10.0,7.0,5.3,1.1,0.7,12.7,15.7,108,111,0.4,0.6,1.0,0.069,-3.0,-0.2,-3.2,-0.2
Michael Porter,2019-20,21,DEN,NBA,48,670,1,18.5,0.358,0.151,8.8,24.3,16.5,8.0,1.5,2.6,10.3,22.0,114,107,1.0,0.9,2.0,0.141,1.4,-0.7,0.8,0.5
Keita Bates-Diop,2019-20,24,TOT,NBA,39,665,0,12.6,0.452,0.332,3.2,15.0,8.9,6.5,1.2,2.6,5.5,15.6,112,113,0.6,0.5,1.1,0.081,-0.8,-0.1,-0.8,0.2
Sterling Brown,2019-20,24,MIL,NBA,45,665,1,9.3,0.523,0.161,4.4,19.2,12.3,8.8,1.5,0.9,13.4,16.7,96,102,-0.4,1.3,1.0,0.071,-3.1,1.0,-2.0,0.0
Frank Jackson,2019-20,21,NOP,NBA,51,656,1,7.7,0.467,0.249,3.0,8.4,5.7,8.6,1.1,0.5,13.1,20.4,97,115,-0.4,0.3,-0.1,-0.005,-4.0,-2.0,-6.0,-0.7
Daniel Gafford,2019-20,21,CHI,NBA,43,609,7,16.2,0.0,0.448,9.0,10.3,9.6,5.2,1.0,8.7,15.3,13.3,124,109,1.1,0.8,1.8,0.146,-2.8,1.5,-1.3,0.1
Patrick Patterson,2019-20,30,LAC,NBA,51,607,18,11.7,0.755,0.181,5.2,15.1,10.3,6.9,0.5,0.4,8.1,15.1,118,111,0.9,0.6,1.5,0.118,0.9,-0.5,0.4,0.4
John Henson,2019-20,29,TOT,NBA,40,600,8,17.0,0.211,0.269,8.5,21.8,15.1,13.4,2.0,6.0,15.8,16.3,112,109,0.6,0.8,1.4,0.109,-1.1,2.1,1.0,0.5
Alfonzo McKinnie,2019-20,27,CLE,NBA,40,593,1,8.7,0.38,0.181,6.9,14.4,10.6,3.3,1.9,1.2,12.3,15.2,99,115,-0.2,0.3,0.2,0.014,-4.4,-0.9,-5.3,-0.5
Nassir Little,2019-20,19,POR,NBA,48,573,5,9.7,0.391,0.29100000000000004,5.7,13.7,9.8,5.1,1.1,2.1,8.1,13.7,108,115,0.3,0.3,0.6,0.05,-2.9,-0.6,-3.5,-0.2
Raul Neto,2019-20,27,PHI,NBA,49,565,3,11.5,0.406,0.177,2.1,8.0,5.1,19.3,1.9,0.8,18.2,17.6,106,110,0.2,0.6,0.8,0.071,-1.8,-0.1,-1.9,0.0
Tony Bradley,2019-20,22,UTA,NBA,50,535,2,21.8,0.006,0.258,19.3,24.7,22.1,4.9,1.1,3.9,11.8,16.1,135,105,1.8,0.9,2.7,0.242,0.9,0.4,1.3,0.4
Nickeil Alexander-Walker,2019-20,21,NOP,NBA,41,501,0,7.6,0.515,0.123,1.7,15.2,8.4,20.3,1.0,1.2,14.3,22.8,91,113,-0.7,0.4,-0.4,-0.034,-3.5,-1.4,-4.9,-0.4
Rodions Kurucs,2019-20,21,BRK,NBA,39,501,4,8.4,0.485,0.209,3.8,15.8,10.0,9.4,1.6,0.5,19.3,15.1,99,109,-0.1,0.6,0.5,0.048,-3.9,0.9,-2.9,-0.1
Mike Muscala,2019-20,28,OKC,NBA,41,492,0,12.2,0.755,0.138,3.0,17.7,10.6,9.8,0.8,1.9,7.7,16.4,113,110,0.5,0.5,1.0,0.102,-0.1,-0.1,-0.2,0.2
Yogi Ferrell,2019-20,26,SAC,NBA,44,484,0,10.7,0.408,0.219,1.4,10.0,5.6,17.6,1.4,0.8,11.9,18.9,103,114,0.1,0.3,0.4,0.036000000000000004,-2.1,-0.4,-2.5,-0.1
Shaquille Harrison,2019-20,26,CHI,NBA,43,484,10,17.8,0.255,0.303,4.8,15.3,9.8,15.3,3.4,3.7,9.2,18.1,116,105,0.8,0.8,1.5,0.153,0.4,2.4,2.8,0.6
Marko Guduric,2019-20,24,MEM,NBA,42,476,0,8.8,0.526,0.162,3.1,12.3,7.8,12.4,1.2,1.5,17.9,17.6,97,113,-0.2,0.4,0.1,0.012,-2.6,-0.8,-3.4,-0.2
Cheick Diallo,2019-20,23,PHO,NBA,44,467,2,16.3,0.015,0.27,6.5,24.1,15.1,7.2,1.0,2.3,16.4,16.7,119,111,0.8,0.5,1.3,0.129,-1.1,-0.3,-1.4,0.1
Troy Daniels,2019-20,28,TOT,NBA,42,457,0,8.9,0.711,0.101,2.9,7.9,5.5,4.1,0.8,0.6,5.1,16.2,107,111,0.2,0.4,0.7,0.07,-1.2,-1.0,-2.2,0.0
Thabo Sefolosha,2019-20,35,HOU,NBA,41,436,0,9.5,0.593,0.08800000000000001,5.0,17.4,11.2,7.5,2.6,2.4,13.7,10.4,104,107,0.1,0.6,0.7,0.073,-2.7,1.6,-1.1,0.1
Javonte Green,2019-20,26,BOS,NBA,44,414,1,12.3,0.235,0.3670000000000001,4.7,15.9,10.4,7.6,2.7,1.6,13.7,13.6,110,105,0.3,0.7,1.0,0.112,-2.4,1.8,-0.6,0.1
Goga Bitadze,2019-20,20,IND,NBA,49,410,2,12.2,0.279,0.256,6.0,19.8,12.9,7.1,0.7,6.9,14.8,18.1,100,106,-0.1,0.7,0.6,0.069,-4.0,1.5,-2.5,0.0
Jared Dudley,2019-20,34,LAL,NBA,40,311,1,7.4,0.68,0.04,1.8,13.0,7.5,7.4,1.8,0.8,10.5,7.7,118,107,0.2,0.4,0.7,0.103,-2.7,2.0,-0.7,0.1
Chris Silva,2019-20,23,MIA,NBA,41,307,0,17.2,0.029,0.71,20.6,19.3,19.9,10.2,1.4,5.8,25.5,17.5,120,106,0.7,0.5,1.1,0.17800000000000002,-3.4,0.9,-2.5,0.0
